HostName,MyLabor-DLLVer
TX359470POS21,18.2.5.7
TX359470POS26,18.2.5.7
TX359470"POS2,18.2.5.7
TX359470POS1,18.2.5.7
FL358911POS1,18.2.5.7
FL358911POS2,18.2.5.7
FL358911POS21,18.2.5.7
FL358911POS26,18.2.5.7
PA340388POS2,18.2.5.7
PA340388POS1,18.2.5.7
PA340388POS21,18.2.5.7
PA340388PO"S26,18.2.5.7
NJ353086POS1,18.2.5.7
NJ353086POS2,18.2.5.7
PA300810POS1,18.2.5.7
PA"300810P"OS2,18.2.5.7
VA358062POS1,18.2.5.7
VA358062POS26,18.2.5.7
VA358062POS21,18.2.5.7
MA336523POS21,18.2.5.7
MA336523POS1,18.2.5.7
MA336523POS26,18.2.5.7
NE359497POS1,18.2.5.7
NE359497POS21,18.2.5.7
NE359497POS26,18.2.5.7
WI3"59562"POS1,18.2.5.7
WI359562POS3,18.2.5.7
WI359562POS21,18.2.5.7
WI359562POS26,18.2.5.7
NY359745POS1,18.2.5.7
WI359562POS2,18.2.5.7
NJ301569POS2,18.2.5.7
OH362482POS26 (1),18.2.5.7
OH362482POS1 (1),18.2.5.7
OH362482POS21 (1),18.2.5.7
RI345396POS2,18.2.5.7
GA358224POS2,18.2.5.7
GA358224POS21,18.2.5.7
GA358224POS1,18.2.5.7
GA358224POS26,18.2.5.7
TX358703POS21,18.2.5.7
TX358703POS2,18.2.5.7
TX358703POS26,18.2.5.7
TX358703POS1,18.2.5.7
PA359772POS1 (1),18.2.5.7
PA359772POS26,18.2.5.7
OH357493POS2,18.2.5.7
OH357493POS1,18.2.5.7
OH357493POS21,18.2.5.7
OH357493POS22,18.2.5.7
OH357493POS26,18.2.5.7
PA351098POS2,18.2.5.7
PA351098POS22,18.2.5.7
PA351098POS27,18.2.5.7
PA351098POS26,18.2.5.7
PA351098POS1 (1),18.2.5.7
PA357153POS21,18.2.5.7
PA357153POS26,18.2.5.7
PA357153POS1,18.2.5.7
FL303931POS21,18.2.5.7
FL303931POS26,18.2.5.7
FL303931POS2,18.2.5.7
FL303931POS1,18.2.5.7
MA308636POS1,18.2.5.7
MA308636POS26,18.2.5.7
MA308636POS21,18.2.5.7
NY354913POS1,18.2.5.7
NY354913POS21,18.2.5.7
NY354913POS26,18.2.5.7
NC359810POS26,18.2.5.7
NC359810POS1,18.2.5.7
OH354514POS21,18.2.5.7
OH354514POS26,18.2.5.7
OH354514POS2,18.2.5.7
OH354514POS1,18.2.5.7
NJ352022POS1,18.2.5.7
NJ352022POS2,18.2.5.7
NJ352022POS21,18.2.5.7
NJ352022POS26,18.2.5.7
NJ354352POS1,18.2.5.7
NJ354352POS21,18.2.5.7
NJ354352POS26,18.2.5.7
NJ351483POS21,18.2.5.7
NJ351483POS26,18.2.5.7
NJ351483POS1,18.2.5.7
IL341739POS1,18.2.5.7
NJ339089POS2,18.2.5.7
OH348341POS21,18.2.5.7
OH348341POS1,18.2.5.7
OH348341POS2,18.2.5.7
OH348341POS26,18.2.5.7
IL300537POS2,18.2.5.7
IL300537POS1,18.2.5.7
NJ300919POS1,18.2.5.7
NJ300919POS2,18.2.5.7
IL355993POS21,18.2.5.7
IL355993POS1,18.2.5.7
IL355993POS2,18.2.5.7
IL355993POS26,18.2.5.7
NJ337875POS1,18.2.5.7
NJ337875POS21,18.2.5.7
NJ337875POS26,18.2.5.7
NJ337875POS2,18.2.5.7
MA335436POS1,18.2.5.7
CT342410POS1,18.2.5.7
CT342410POS21,18.2.5.7
CT342410POS26,18.2.5.7
IL306625POS26,18.2.5.7
IL352445POS1,18.2.5.7
IL344528POS1,18.2.5.7
IL344528POS26,18.2.5.7
IL344528POS21,18.2.5.7
IL303385POS26,18.2.5.7
IL303385POS1,18.2.5.7
IL303385POS21,18.2.5.7
OH352366POS2,18.2.5.7
OH352366POS1,18.2.5.7
OH352366POS21,18.2.5.7
OH352366POS26,18.2.5.7
MA335456POS21,18.2.5.7
MA335456POS1,18.2.5.7
MA335456POS2,18.2.5.7
MA335456POS26,18.2.5.7
FL350298POS1,18.2.5.7
FL350298POS26,18.2.5.7
FL350298POS2,18.2.5.7
FL350298POS21,18.2.5.7
TN353908POS1,18.2.5.7
TN353908POS21,18.2.5.7
TN353908POS26,18.2.5.7
TN353908POS2,18.2.5.7
IL342362POS21,18.2.5.7
IL342362POS1,18.2.5.7
IL342362POS26,18.2.5.7
CT332152POS21,18.2.5.7
CT332152POS1,18.2.5.7
CT332152POS26,18.2.5.7
CT332152POS2,18.2.5.7
PA345497POS1,18.2.5.7
PA345497POS2,18.2.5.7
PA345497POS21,18.2.5.7
PA345497POS26,18.2.5.7
NJ330207POS1,18.2.5.7
NJ330207POS2,18.2.5.7
OH353699POS26,18.2.5.7
OH353699POS1,18.2.5.7
OH353699POS21,18.2.5.7
NJ302754POS1,18.2.5.7
NJ302754POS2,18.2.5.7
OH348970POS21,18.2.5.7
OH348970POS1,18.2.5.7
OH348970POS2,18.2.5.7
OH348970POS26,18.2.5.7
IL343332POS1,18.2.5.7
IL343332POS21,18.2.5.7
IL343332POS26,18.2.5.7
OH349341POS2,18.2.5.7
OH349341POS1,18.2.5.7
OH349341POS26,18.2.5.7
IL343332POS2 (1),18.2.5.7
PA356057POS21,18.2.5.7
PA356057POS1,18.2.5.7
PA356057POS26,18.2.5.7
OH349341POS21,18.2.5.7
RI330325POS1,18.2.5.7
RI330325POS2,18.2.5.7
RI330325POS26,18.2.5.7
RI330325POS21,18.2.5.7
TN351879POS1,18.2.5.7
TN351879POS21,18.2.5.7
TN351879POS26,18.2.5.7
CT335701POS21,18.2.5.7
CT335701POS26,18.2.5.7
OH345548POS21,18.2.5.7
OH345548POS2,18.2.5.7
OH345548POS1,18.2.5.7
OH345548POS26,18.2.5.7
CA354076POS2,18.2.5.7
CA354076POS1,18.2.5.7
CA354076POS21,18.2.5.7
CA354076POS26,18.2.5.7
NJ356229POS2,18.2.5.7
NJ356229POS21,18.2.5.7
NJ356229POS1,18.2.5.7
NJ356229POS26,18.2.5.7
NC357982POS1,18.2.5.7
NC357982POS2,18.2.5.7
NC357982POS21,18.2.5.7
NC357982POS26,18.2.5.7
RI332873POS21,18.2.5.7
RI332873POS2,18.2.5.7
RI332873POS1,18.2.5.7
RI332873POS26,18.2.5.7
CT304391POS21,18.2.5.7
CT304391POS26,18.2.5.7
CT304391POS2,18.2.5.7
CT304391POS1,18.2.5.7
GA302140POS1,18.2.5.7
GA302140POS2,18.2.5.7
GA302140POS3,18.2.5.7
GA302140POS21,18.2.5.7
GA302140POS26,18.2.5.7
NJ351772POS21,18.2.5.7
NJ351772POS26,18.2.5.7
NJ351772POS1,18.2.5.7
NJ351772POS2,18.2.5.7
NJ336688POS1,18.2.5.7
NJ336688POS21,18.2.5.7
NJ336688POS26,18.2.5.7
NJ336688POS2,18.2.5.7
PA343076POS2,18.2.5.7
PA343076POS21,18.2.5.7
PA343076POS26,18.2.5.7
PA343076POS1,18.2.5.7
OH349480POS21,18.2.5.7
OH349480POS1,18.2.5.7
OH349480POS2,18.2.5.7
OH349480POS26,18.2.5.7
GA354612POS2,18.2.5.7
NJ301108POS1,18.2.5.7
GA354612POS1,18.2.5.7
GA354612POS21,18.2.5.7
GA354612POS26,18.2.5.7
NJ301108POS21,18.2.5.7
NJ301108POS26,18.2.5.7
NJ301108POS2,18.2.5.7
TN345508POS21,18.2.5.7
TN345508POS1,18.2.5.7
TN345508POS26,18.2.5.7
NJ351771POS1,18.2.5.7
NJ351771POS2,18.2.5.7
NJ351771POS21,18.2.5.7
NJ351771POS26,18.2.5.7
PA356064POS21,18.2.5.7
PA356064POS2,18.2.5.7
PA356064POS1,18.2.5.7
PA356064POS26,18.2.5.7
AL359449POS2,18.2.5.7
NJ343117POS2,18.2.5.7
NJ343117POS1,18.2.5.7
OH345381POS2,18.2.5.7
OH345381POS21,18.2.5.7
OH345381POS26,18.2.5.7
OH345381POS1,18.2.5.7
AL359449POS26,18.2.5.7
TN356606POS2,18.2.5.7
TN356606POS1,18.2.5.7
TN356606POS21,18.2.5.7
TN356606POS26,18.2.5.7
MA304755POS21,18.2.5.7
MA304755POS2,18.2.5.7
MA304755POS1,18.2.5.7
MA304755POS26,18.2.5.7
TN345491POS1,18.2.5.7
TN345491POS21,18.2.5.7
TN345491POS26,18.2.5.7
OH306594POS2,18.2.5.7
OH306594POS3,18.2.5.7
OH306594POS21,18.2.5.7
OH306594POS1,18.2.5.7
OH306594POS26,18.2.5.7
PA351098POS21 (1),18.2.5.7
MA330400POS26,18.2.5.7
MA330400POS2,18.2.5.7
MA330400POS1,18.2.5.7
MA330400POS21,18.2.5.7
RI340645POS21,18.2.5.7
RI340645POS26,18.2.5.7
RI340645POS2,18.2.5.7
MA353463POS2,18.2.5.7
MA353463POS1,18.2.5.7
MA353463POS26,18.2.5.7
MA353463POS21,18.2.5.7
RI337151POS2,18.2.5.7
RI337151POS26,18.2.5.7
RI337151POS21,18.2.5.7
RI337151POS1,18.2.5.7
NJ352860POS2,18.2.5.7
NJ352860POS1,18.2.5.7
NJ337068POS26 (1),18.2.5.7
NJ337068POS21,18.2.5.7
NJ337068POS1,18.2.5.7
FL330007POS1 (1),18.2.5.7
NJ337068POS28,18.2.5.7
FL330007POS2,18.2.5.7
RI340645POS28,18.2.5.7
RI340645POS1,18.2.5.7
MA356890POS1,18.2.5.7
MA356890POS2,18.2.5.7
MA356890POS26,18.2.5.7
MA356890POS21,18.2.5.7
MA343071POS2,18.2.5.7
MA343071POS1,18.2.5.7
MA355067POS21,18.2.5.7
MA355067POS1,18.2.5.7
MA355067POS2,18.2.5.7
MA355067POS26,18.2.5.7
NH346594POS21,18.2.5.7
NH346594POS2,18.2.5.7
NH346594POS1,18.2.5.7
NH346594POS26,18.2.5.7
NJ357383POS26,18.2.5.7
NJ357383POS21,18.2.5.7
NJ357383POS2,18.2.5.7
NJ357383POS1,18.2.5.7
RI350632POS2,18.2.5.7
RI350632POS1,18.2.5.7
GA304785POS21,18.2.5.7
GA304785POS26,18.2.5.7
GA304785POS1,18.2.5.7
RI357726POS2,18.2.5.7
RI357726POS21 (1),18.2.5.7
RI357726POS1 (1),18.2.5.7
RI357726POS26 (1),18.2.5.7
RI304465POS26,18.2.5.7
RI304465POS1,18.2.5.7
RI304465POS2,18.2.5.7
RI304465POS21,18.2.5.7
NH334799POS1,18.2.5.7
NH334799POS2,18.2.5.7
VA358573POS26,18.2.5.7
VA358573POS1,18.2.5.7
MA348061POS26,18.2.5.7
MA348061POS2,18.2.5.7
MA348061POS1,18.2.5.7
MA348061POS21 (1),18.2.5.7
RI300330POS1,18.2.5.7
RI300330POS26,18.2.5.7
RI300330POS21,18.2.5.7
RI300330POS2 (1),18.2.5.7
NH301734POS2,18.2.5.7
NH301734POS21,18.2.5.7
NH301734POS26,18.2.5.7
NH301734POS1 (1),18.2.5.7
MA332923POS1,18.2.5.7
MA332923POS21,18.2.5.7
MA332923POS26,18.2.5.7
MA358776POS1,18.2.5.7
MA358776POS26,18.2.5.7
NY357879POS1,18.2.5.7
NY357879POS2,18.2.5.7
MA358776POS21,18.2.5.7
MA356101POS1,18.2.5.7
MA356101POS26,18.2.5.7
MA356101POS21 (2),18.2.5.7
NC358156POS1,18.2.5.7
NC358156POS2,18.2.5.7
FL355934POS2,18.2.5.7
FL355934POS1,18.2.5.7
FL355934POS21,18.2.5.7
FL355934POS26,18.2.5.7
NY358072POS1,18.2.5.7
NY358072POS21,18.2.5.7
NY358072POS26,18.2.5.7
RI358959POS1,18.2.5.7
RI358959POS2,18.2.5.7
NY358650POS1,18.2.5.7
NY358650POS2,18.2.5.7
PA357522POS2,18.2.5.7
PA357522POS1,18.2.5.7
PA357522POS21,18.2.5.7
PA357522POS26,18.2.5.7
NJ354840POS1 (1),18.2.5.7
FL358079POS1,18.2.5.7
FL358079POS21,18.2.5.7
FL358079POS26,18.2.5.7
NJ352199POS2,18.2.5.7
NJ352199POS21,18.2.5.7
NJ352199POS1,18.2.5.7
NJ352199POS26,18.2.5.7
ME354538POS1,18.2.5.7
ME354538POS21,18.2.5.7
ME354538POS26,18.2.5.7
NH301677POS2,18.2.5.7
NH301677POS1,18.2.5.7
NH301677POS21,18.2.5.7
NH301677POS26,18.2.5.7
NJ354840POS2 (2),18.2.5.7
ME359046POS1 (1),18.2.5.7
ME337988POS1,18.2.5.7
ME337988POS2,18.2.5.7
ME337988POS21,18.2.5.7
ME337988POS26,18.2.5.7
NJ352030POS1,18.2.5.7
NJ352030POS21,18.2.5.7
NJ352030POS26,18.2.5.7
MA331510POS1,18.2.5.7
MA331510POS2,18.2.5.7
MA331510POS21,18.2.5.7
MA331510POS26,18.2.5.7
NH331981POS1,18.2.5.7
NH331981POS2,18.2.5.7
NH331981POS21,18.2.5.7
NH331981POS26,18.2.5.7
MA331894POS2,18.2.5.7
MA331894POS21,18.2.5.7
MA331894POS1,18.2.5.7
MA331894POS26,18.2.5.7
MD358822POS1,18.2.5.7
MA344948POS2,18.2.5.7
MA344948POS21,18.2.5.7
MA344948POS1,18.2.5.7
MA344948POS26,18.2.5.7
NJ353270POS26,18.2.5.7
NJ353270POS1,18.2.5.7
NJ353270POS21,18.2.5.7
OH358880POS1,18.2.5.7
OH358880POS21,18.2.5.7
OH358880POS26,18.2.5.7
MA300503POS2,18.2.5.7
MA300503POS21,18.2.5.7
MA300503POS26,18.2.5.7
FL354705POS21,18.2.5.7
FL354705POS26,18.2.5.7
NY359193POS2,18.2.5.7
NY359193POS1,18.2.5.7
FL354705POS1 (1),18.2.5.7
FL358446POS21,18.2.5.7
FL358446POS1,18.2.5.7
FL358446POS26,18.2.5.7
IN346517POS2,18.2.5.7
IN346517POS1,18.2.5.7
IN346517POS21,18.2.5.7
IN346517POS26,18.2.5.7
NJ343975POS1,18.2.5.7
NJ343975POS21,18.2.5.7
NJ343975POS26,18.2.5.7
FL355539POS2,18.2.5.7
FL355539POS1,18.2.5.7
FL355539POS21,18.2.5.7
FL355539POS26,18.2.5.7
MA353936POS1,18.2.5.7
MA353936POS2,18.2.5.7
PA354561POS1,18.2.5.7
PA354561POS2,18.2.5.7
NJ354840POS3,18.2.5.7
FL354979POS21,18.2.5.7
FL354979POS26,18.2.5.7
FL354979POS1,18.2.5.7
MA341135POS2,18.2.5.7
MA341135POS1,18.2.5.7
PA358425POS2,18.2.5.7
FL358612POS2,18.2.5.7
FL358612POS21,18.2.5.7
FL358612POS1,18.2.5.7
FL358612POS26,18.2.5.7
PA358425POS1 (1),18.2.5.7
MI358505POS1,18.2.5.7
MI358505POS26,18.2.5.7
OH358662POS26 (1),18.2.5.7
OH358662POS21 (1),18.2.5.7
MI358505POS21 (1),18.2.5.7
NJ346080POS1 (1),18.2.5.7
NJ346080POS2 (1),18.2.5.7
PA355146POS1,18.2.5.7
PA355146POS2,18.2.5.7
PA355146POS3,18.2.5.7
OH358662POS1,18.2.5.7
NY359066POS1,18.2.5.7
NY359066POS2,18.2.5.7
NY358936POS2,18.2.5.7
NY358936POS1,18.2.5.7
NJ355350POS1,18.2.5.7
NJ355350POS2,18.2.5.7
MA358457POS1,18.2.5.7
MA358457POS2,18.2.5.7
MA358457POS21,18.2.5.7
FL358770POS1,18.2.5.7
FL358770POS2,18.2.5.7
MA358457POS26,18.2.5.7
MA358314POS2,18.2.5.7
MA358314POS1 (1),18.2.5.7
NC358168POS1,18.2.5.7
NC358168POS21,18.2.5.7
NC358168POS26,18.2.5.7
CT357838POS1,18.2.5.7
CT357838POS2,18.2.5.7
CT357838POS21,18.2.5.7
CT357838POS26,18.2.5.7
NY358139POS1,18.2.5.7
NY358139POS2,18.2.5.7
VA357919POS2,18.2.5.7
VA357919POS21,18.2.5.7
VA357919POS26,18.2.5.7
VA357919POS1,18.2.5.7
FL352243POS1,18.2.5.7
FL352243POS2,18.2.5.7
NY357951POS1,18.2.5.7
NY357951POS21,18.2.5.7
NY357951POS26,18.2.5.7
FL358404POS2,18.2.5.7
FL358404POS21,18.2.5.7
FL358404POS26,18.2.5.7
FL358404POS1,18.2.5.7
IN345683POS1,18.2.5.7
IN345683POS2,18.2.5.7
IN345683POS21,18.2.5.7
IN345683POS26,18.2.5.7
RI342891POS1,18.2.5.7
RI342891POS2,18.2.5.7
RI342891POS21,18.2.5.7
RI342891POS26,18.2.5.7
MA347923POS2,18.2.5.7
MA347923POS1,18.2.5.7
NJ330736POS1,18.2.5.7
NJ330736POS26,18.2.5.7
NJ330736POS21,18.2.5.7
NJ359080POS2,18.2.5.7
NJ359080POS1,18.2.5.7
MA358427POS1,18.2.5.7
MA358427POS2,18.2.5.7
MA358427POS21,18.2.5.7
MA358427POS26,18.2.5.7
NJ354216POS1,18.2.5.7
NJ354216POS21,18.2.5.7
NJ354216POS26,18.2.5.7
MD357221POS1,18.2.5.7
MD357221POS21,18.2.5.7
MD357221POS26,18.2.5.7
PA358099POS1,18.2.5.7
PA358099POS26,18.2.5.7
PA358099POS21,18.2.5.7
NJ356578POS26,18.2.5.7
NJ356578POS21,18.2.5.7
NJ356578POS1,18.2.5.7
GA310298POS21,18.2.5.7
GA310298POS1,18.2.5.7
GA310298POS26,18.2.5.7
NY358915POS1 (1),18.2.5.7
NY358915POS2 (1),18.2.5.7
OH358924POS1,18.2.5.7
OH358924POS21,18.2.5.7
OH358924POS26,18.2.5.7
VA358600POS2,18.2.5.7
ME336412POS26,18.2.5.7
ME336412POS21,18.2.5.7
MD357632POS26,18.2.5.7
MD357632POS21,18.2.5.7
MD357632POS1,18.2.5.7
ME336412POS1 (1),18.2.5.7
MD358411POS26,18.2.5.6
MD358411POS1,18.2.5.6
MD358411POS21,18.2.5.6
FL345069POS1,18.2.5.7
FL345069POS2,18.2.5.7
GA357336POS2,18.2.5.7
GA357336POS1,18.2.5.7
GA357336POS21,18.2.5.7
GA357336POS26,18.2.5.7
PA348700POS1,18.2.5.7
PA348700POS2,18.2.5.7
FL347625POS2,18.2.5.7
FL347625POS1,18.2.5.7
FL347625POS21,18.2.5.7
FL347625POS26,18.2.5.7
CT343880POS1,18.2.5.7
CT343880POS26,18.2.5.7
FL358254POS26,18.2.5.7
FL358254POS21,18.2.5.7
FL358745POS1,18.2.5.7
FL358745POS2,18.2.5.7
FL358745POS21,18.2.5.7
FL358745POS26,18.2.5.7
FL358785POS2,18.2.5.7
FL358785POS1,18.2.5.7
FL355869POS26,18.2.5.7
FL355869POS21,18.2.5.7
FL355869POS1,18.2.5.7
MA358986POS1,18.2.5.7
FL356893POS2,18.2.5.7
FL356893POS21,18.2.5.7
FL356893POS1,18.2.5.7
FL356893POS26,18.2.5.7
MA359433POS1,18.2.5.7
IN359168POS26,18.2.5.7
IN359168POS1,18.2.5.7
IN359168POS21,18.2.5.7
DC359034POS1,18.2.5.7
NY345567POS2,18.2.5.7
NY345567POS21,18.2.5.7
NY345567POS1,18.2.5.7
NY345567POS26,18.2.5.7
GA358579POS2,18.2.5.7
GA358579POS1,18.2.5.7
GA358579POS21,18.2.5.7
GA358579POS26,18.2.5.7
MA354691POS1,18.2.5.7
MA354691POS2,18.2.5.7
NJ356516POS26,18.2.5.7
NJ356516POS21,18.2.5.7
NJ356516POS1,18.2.5.7
NY357951POS2,18.2.5.7
SC358842POS1,18.2.5.7
SC358842POS2,18.2.5.7
SC358842POS21,18.2.5.7
SC358842POS26,18.2.5.7
FL300260POS2,18.2.5.7
FL300260POS1,18.2.5.7
GA358663POS2,18.2.5.7
GA358663POS21,18.2.5.7
GA358663POS1,18.2.5.7
GA358663POS26,18.2.5.7
GA359451POS2,18.2.5.7
GA359451POS1,18.2.5.7
OH359008POS21,18.2.5.7
OH359008POS1,18.2.5.7
MA359002POS26,18.2.5.7
MA359002POS1,18.2.5.7
MA359002POS21,18.2.5.7
OH358696POS21,18.2.5.7
OH358696POS2,18.2.5.7
OH358696POS26,18.2.5.7
OH358696POS1,18.2.5.7
OH359008POS26 (1),18.2.5.7
NY335898POS26,18.2.5.7
NY335898POS21,18.2.5.7
NY335898POS1,18.2.5.7
NY357115POS1,18.2.5.7
NY357115POS2 (1),18.2.5.7
GA358682POS2,18.2.5.7
GA358682POS21,18.2.5.7
GA358682POS26,18.2.5.7
NY331409POS26,18.2.5.7
NY331409POS1,18.2.5.7
PA359233POS2,18.2.5.7
PA359233POS21,18.2.5.7
PA359233POS26,18.2.5.7
FL359018POS1,18.2.5.7
FL359018POS2,18.2.5.6
PA359233POS1 (1),18.2.5.7
CT358456POS26,18.2.5.7
CT358456POS1,18.2.5.7
NY343665POS1,18.2.5.7
NY343665POS21,18.2.5.7
NY343665POS26,18.2.5.7
NC358854POS1,18.2.5.7
NC358854POS21,18.2.5.7
NC358854POS26,18.2.5.7
NC358854POS2,18.2.5.7
GA358682POS1 (2),18.2.5.7
VA357080POS21,18.2.5.7
VA357080POS26,18.2.5.7
PA359032POS26,18.2.5.7
PA359032POS1,18.2.5.7
PA359032POS21,18.2.5.7
NH331128POS2,18.2.5.7
NH331128POS21,18.2.5.7
NH331128POS26,18.2.5.7
MI359095POS1,18.2.5.7
MI359095POS2,18.2.5.7
MI359095POS21,18.2.5.7
MI359095POS26,18.2.5.7
CT332986POS2,18.2.5.7
CT332986POS21,18.2.5.7
CT332986POS1,18.2.5.7
CT332986POS26,18.2.5.7
IN358891POS2,18.2.5.7
IN358891POS1,18.2.5.7
IN358891POS21,18.2.5.7
IN358891POS26,18.2.5.7
RI307375POS2,18.2.5.7
RI307375POS21,18.2.5.7
RI307375POS26,18.2.5.7
CT342512POS2,18.2.5.7
CT342512POS21,18.2.5.7
CT342512POS1,18.2.5.7
CT342512POS26,18.2.5.7
MA358986POS2,18.2.5.7
GA359140POS26 (2),18.2.5.7
GA359140POS21 (2),18.2.5.7
GA359140POS1 (2),18.2.5.7
RI307375POS1 (1),18.2.5.7
ME331161POS2,18.2.5.7
ME331161POS1,18.2.5.7
ME331161POS21,18.2.5.7
ME331161POS26,18.2.5.7
NY359201POS1,18.2.5.7
NY359201POS2,18.2.5.7
OH357669POS1,18.2.5.7
NH345843POS1,18.2.5.7
CT357155POS1,18.2.5.7
CT357155POS2,18.2.5.7
CT357155POS21,18.2.5.7
CT357155POS26,18.2.5.7
OH347398POS26,18.2.5.7
OH347398POS1,18.2.5.7
OH347398POS2,18.2.5.7
OH347398POS21,18.2.5.7
MA358311POS1,18.2.5.7
MA358311POS2,18.2.5.7
MA304046POS21,18.2.5.7
MA304046POS1,18.2.5.7
MA304046POS26,18.2.5.7
MA304046POS2,18.2.5.7
FL356630POS1,18.2.5.7
FL356630POS21,18.2.5.7
FL356630POS26,18.2.5.7
OH357693POS2 (2),18.2.5.7
OH357693POS1 (1),18.2.5.7
MI358297POS1,18.2.5.7
MI358297POS2,18.2.5.7
NY347533POS2,18.2.5.7
NY347533POS1,18.2.5.7
VA359071POS1,18.2.5.7
VA359071POS2,18.2.5.7
MA332804POS2,18.2.5.7
MA332804POS1,18.2.5.7
GA358088POS21 (1),18.2.5.7
GA358088POS26 (1),18.2.5.7
GA358088POS1 (1),18.2.5.7
OH357669POS2,18.2.5.7
OH357669POS21,18.2.5.7
OH357669POS26,18.2.5.7
FL359007POS2,18.2.5.7
FL359007POS1,18.2.5.7
MD358231POS1,18.2.5.7
MD358231POS21,18.2.5.7
MD358231POS26,18.2.5.7
FL357997POS26,18.2.5.7
FL357997POS21,18.2.5.7
FL357997POS1,18.2.5.7
PA355145POS2,18.2.5.7
PA355145POS1,18.2.5.7
PA355145POS21,18.2.5.7
PA355145POS26,18.2.5.7
MD358148POS1,18.2.5.7
MD358148POS21,18.2.5.7
CT353625POS26,18.2.5.7
CT353625POS1,18.2.5.7
CT353625POS21,18.2.5.7
FL358685POS2,18.2.5.7
FL358685POS21,18.2.5.7
FL358685POS26,18.2.5.7
OH358496POS1,18.2.5.7
OH358496POS2,18.2.5.7
OH358496POS21,18.2.5.7
OH358496POS22,18.2.5.7
OH358496POS26,18.2.5.7
MD358148POS26 (1),18.2.5.7
NJ358284POS26,18.2.5.7
NJ358284POS1,18.2.5.7
NJ358284POS21,18.2.5.7
NY357792POS26,18.2.5.7
NY357792POS21,18.2.5.7
NY357792POS1,18.2.5.7
FL358685POS1,18.2.5.7
PA358529POS1,18.2.5.7
MA310105POS2,18.2.5.7
MA310105POS26,18.2.5.7
VA358850POS21,18.2.5.7
VA358850POS26,18.2.5.7
VA358850POS1,18.2.5.7
MA310105POS1,18.2.5.7
PA358529POS26,18.2.5.7
PA358529POS21,18.2.5.7
MA310105POS21 (1),18.2.5.7
NJ345931POS21,18.2.5.7
NJ345931POS26,18.2.5.7
NJ345931POS1,18.2.5.7
IN358450POS2,18.2.5.7
IN358450POS1,18.2.5.7
IN358450POS21,18.2.5.7
IN358450POS26,18.2.5.7
OH358717POS21,18.2.5.7
OH358717POS26,18.2.5.7
OH358717POS1,18.2.5.7
OH358717POS2,18.2.5.7
PA345985POS1,18.2.5.7
PA345985POS2,18.2.5.7
NJ332237POS1,18.2.5.7
NJ332237POS2,18.2.5.7
NH331128POS1,18.2.5.7
VA358063POS21,18.2.5.7
VA358063POS26,18.2.5.7
VA358063POS1,18.2.5.7
NJ353825POS26,18.2.5.7
NJ353825POS21 (1),18.2.5.7
NJ353825POS1 (1),18.2.5.7
NY357825POS2,18.2.5.7
MD357632POS2,18.2.5.7
MA357186POS1,18.2.5.7
MA357186POS21,18.2.5.7
MA357186POS26,18.2.5.7
NJ335401POS1,18.2.5.7
NJ335401POS2,18.2.5.7
NJ300518POS26,18.2.5.7
NJ300518POS21,18.2.5.7
NJ300518POS1,18.2.5.7
NY358350POS2,18.2.5.7
NY358350POS21,18.2.5.7
NY358350POS1,18.2.5.7
NY358350POS26,18.2.5.7
MD358527POS1,18.2.5.7
MD358527POS21,18.2.5.7
MD358527POS26,18.2.5.7
CT359026POS1,18.2.5.7
NY339597POS1,18.2.5.7
NY339597POS2,18.2.5.7
PA359283POS2,18.2.5.7
PA359283POS1,18.2.5.7
CT355198POS26,18.2.5.7
CT355198POS1,18.2.5.7
CT355198POS21,18.2.5.7
OH358488POS26 (1),18.2.5.7
OH358488POS21,18.2.5.7
OH358488POS1 (1),18.2.5.7
NY359052POS2,18.2.5.7
NY359052POS1 (1),18.2.5.7
OH358269POS2,18.2.5.7
OH358269POS21,18.2.5.7
OH358269POS1,18.2.5.7
OH358269POS26,18.2.5.7
NJ356948POS1,18.2.5.7
NJ356948POS21,18.2.5.7
NJ356948POS26,18.2.5.7
OH357795POS1,18.2.5.7
OH357795POS2,18.2.5.7
OH357795POS21,18.2.5.7
OH357795POS26,18.2.5.7
SC358804POS2,18.2.5.7
SC358804POS1,18.2.5.7
SC358804POS21,18.2.5.7
SC358804POS26,18.2.5.7
FL357565POS1,18.2.5.7
FL357565POS21,18.2.5.7
NH358598POS1,18.2.5.7
NH358598POS26,18.2.5.7
ME357848POS2,18.2.5.7
FL357565POS2,18.2.5.7
NY359461POS1,18.2.5.7
VA358600POS1 (1),18.2.5.7
NJ303536POS1,18.2.5.7
NJ303536POS21,18.2.5.7
NJ303536POS26,18.2.5.7
NY359461POS2 (1),18.2.5.7
NC358815POS21,18.2.5.7
NC358815POS2,18.2.5.7
NC358815POS26,18.2.5.7
NC358815POS1,18.2.5.7
IN358738POS26,18.2.5.7
IN358738POS21,18.2.5.7
IN358738POS1,18.2.5.7
PA358083POS26,18.2.5.7
PA358083POS21,18.2.5.7
PA358083POS1,18.2.5.7
NJ331939POS2,18.2.5.7
NJ331939POS1,18.2.5.7
MA331822POS2,18.2.5.7
MA331822POS1,18.2.5.7
MA308234POS2,18.2.5.7
MA308234POS1,18.2.5.7
MA308234POS21,18.2.5.7
MA308234POS26,18.2.5.7
MI358624POS2,18.2.5.7
MI358624POS1,18.2.5.7
MI358624POS21,18.2.5.7
MI358624POS26,18.2.5.7
NJ355134POS21,18.2.5.7
NJ355134POS2,18.2.5.7
NJ355134POS26,18.2.5.7
NH300425POS1,18.2.5.7
NH300425POS2,18.2.5.7
NJ355134POS1 (1),18.2.5.7
MA334734POS2,18.2.5.7
MA334734POS26,18.2.5.7
MA334734POS21,18.2.5.7
MA334734POS1,18.2.5.7
CT355466POS26,18.2.5.7
CT355466POS1,18.2.5.7
CT355466POS21,18.2.5.7
NY357825POS1,18.2.5.7
NY357825POS21,18.2.5.7
NY357825POS26,18.2.5.7
NY343665POS2,18.2.5.7
PA353609POS21,18.2.5.7
PA353609POS26,18.2.5.7
PA358853POS1,18.2.5.7
PA358853POS21,18.2.5.7
PA358853POS26,18.2.5.7
PA358499POS2,18.2.5.7
PA358499POS1,18.2.5.7
PA358499POS3,18.2.5.7
NJ356233POS21,18.2.5.7
NJ356233POS26,18.2.5.7
NJ356233POS1,18.2.5.7
NJ356233POS2,18.2.5.7
MA351431POS1,18.2.5.7
MA351431POS2,18.2.5.7
CT358456POS21,18.2.5.7
PA353609POS1,18.2.5.7
ME357848POS26,18.2.5.7
ME357848POS1,18.2.5.7
PA358853POS2 (1),18.2.5.7
MA300368POS1,18.2.5.7
MA300368POS2,18.2.5.7
ME357848POS21,18.2.5.7
NY354986POS26,18.2.5.7
NY354986POS1,18.2.5.7
NY354986POS21,18.2.5.7
NY358138POS2,18.2.5.7
NJ357947POS1,18.2.5.7
MA301401POS22,18.2.5.7
MA301401POS1,18.2.5.7
MA301401POS26,18.2.5.7
MA301401POS21,18.2.5.7
GA332379POS1,18.2.5.7
GA332379POS21,18.2.5.7
GA332379POS26,18.2.5.7
MD359226POS1,18.2.5.7
RI358939POS1 (1),18.2.5.7
RI358939POS2,18.2.5.7
CT358886POS1,18.2.5.7
CT358886POS26,18.2.5.7
CT358886POS21,18.2.5.7
ME300268POS1,18.2.5.7
ME300268POS2,18.2.5.7
ME300268POS26,18.2.5.7
RI332122POS21,18.2.5.7
RI332122POS2,18.2.5.7
RI332122POS1,18.2.5.7
RI332122POS26,18.2.5.7
NH359474POS2,18.2.5.7
NH359474POS1,18.2.5.7
OH358406POS2,18.2.5.7
OH358406POS21,18.2.5.7
OH358406POS1,18.2.5.7
OH358406POS26,18.2.5.7
NJ357459POS21,18.2.5.7
NJ357459POS2,18.2.5.7
NJ357459POS26,18.2.5.7
NJ357459POS1,18.2.5.7
OH302722POS2,18.2.5.7
OH302722POS1,18.2.5.7
RI330192POS1,18.2.5.7
RI330192POS2,18.2.5.7
RI330192POS26,18.2.5.7
RI330192POS21,18.2.5.7
NY359594POS1,18.2.5.7
NY359594POS2,18.2.5.7
NY359528POS1,18.2.5.7
NY359528POS2,18.2.5.7
MA358292POS26,18.2.5.7
MA358292POS1,18.2.5.7
MA358292POS21,18.2.5.7
NY358336POS2,18.2.5.7
NY358336POS1,18.2.5.7
FL357565POS26 (1),18.2.5.7
MA358991POS26,18.2.5.7
MA358991POS21,18.2.5.7
MA358991POS1,18.2.5.7
OH359047POS2,18.2.5.7
OH359047POS21,18.2.5.7
OH359047POS1,18.2.5.7
OH359047POS26,18.2.5.7
OH359047POS22,18.2.5.7
SC358847POS2,18.2.5.7
SC358847POS21,18.2.5.7
SC358847POS26,18.2.5.7
FL358632POS2,18.2.5.7
SC358847POS1 (1),18.2.5.7
FL358632POS1,18.2.5.7
MA357410POS1,18.2.5.7
MA357410POS21,18.2.5.7
MA357410POS26,18.2.5.7
PA357751POS1,18.2.5.7
PA357751POS21,18.2.5.7
PA357751POS26,18.2.5.7
MD359537POS1,18.2.5.7
ME300268POS21 (1),18.2.5.7
GA358863POS2,18.2.5.7
GA358863POS1,18.2.5.7
GA358863POS21,18.2.5.7
GA358863POS26,18.2.5.7
VA359275POS26,18.2.5.7
VA359275POS21,18.2.5.7
VA359275POS1,18.2.5.7
PA358934POS2,18.2.5.7
PA358934POS1,18.2.5.7
PA358934POS21,18.2.5.7
PA358934POS26,18.2.5.7
WV359248POS2,18.2.5.7
WV359248POS1,18.2.5.7
WV359248POS21,18.2.5.7
WV359248POS26,18.2.5.7
MI358300POS21,18.2.5.7
MI358300POS26,18.2.5.7
MI358300POS1,18.2.5.7
CT358668POS1,18.2.5.7
CT358668POS26,18.2.5.7
NH358769POS21,18.2.5.7
NH358769POS26,18.2.5.7
NH358769POS1,18.2.5.7
MA346940POS26,18.2.5.7
MA346940POS1,18.2.5.7
MA346940POS21 (1),18.2.5.7
FL355048POS2,18.2.5.7
FL355048POS1,18.2.5.7
FL355048POS21,18.2.5.7
FL355048POS26,18.2.5.7
NY359362POS2,18.2.5.7
NY359362POS1,18.2.5.7
ME344978POS2,18.2.5.7
ME344978POS21,18.2.5.7
ME344978POS1,18.2.5.7
ME344978POS26,18.2.5.7
MD357487POS1,18.2.5.7
MD357487POS2,18.2.5.7
MD357487POS3,18.2.5.7
MD357487POS21,18.2.5.7
MD357487POS26,18.2.5.7
CT342508POS26,18.2.5.7
CT342508POS21,18.2.5.7
FL359038POS2,18.2.5.7
FL359038POS21,18.2.5.7
FL359038POS1,18.2.5.7
FL359038POS26,18.2.5.7
OH358502POS26,18.2.5.7
OH358502POS21,18.2.5.7
OH358502POS2,18.2.5.7
OH358502POS1,18.2.5.7
DE331295POS1,18.2.5.7
DE331295POS2,18.2.5.7
DE331295POS21,18.2.5.7
DE331295POS26,18.2.5.7
NY359636POS2,18.2.5.7
NY359636POS1,18.2.5.7
VA358796POS1,18.2.5.7
VA358796POS21,18.2.5.7
VA358796POS26,18.2.5.7
PA358859POS26,18.2.5.7
PA358859POS21,18.2.5.7
PA358859POS1,18.2.5.7
MA359614POS26,18.2.5.7
MA359614POS1,18.2.5.7
MA359614POS21,18.2.5.7
RI343240POS2,18.2.5.7
RI343240POS1,18.2.5.7
GA358088POS2,18.2.5.7
OH359247POS26,18.2.5.7
OH359247POS21,18.2.5.7
OH359247POS1,18.2.5.7
MA358454POS1,18.2.5.7
MA358454POS26,18.2.5.7
MA358454POS21,18.2.5.7
FL358685POS3,18.2.5.7
ME335827POS2,18.2.5.7
ME335827POS1,18.2.5.7
ME335827POS21,18.2.5.7
ME335827POS26,18.2.5.7
CT359291POS26,18.2.5.7
CT359291POS1,18.2.5.7
PA359625POS2,18.2.5.7
PA359625POS1,18.2.5.7
CT359026POS2,18.2.5.7
ME336412POS2,18.2.5.7
NY356928POS26,18.2.5.7
NY356928POS2,18.2.5.7
GA359151POS2,18.2.5.7
GA359151POS21,18.2.5.7
GA359151POS26,18.2.5.7
GA359151POS1,18.2.5.7
NY356928POS1 (1),18.2.5.7
CT300261POS1,18.2.5.7
CT300261POS2,18.2.5.7
CT300261POS21,18.2.5.7
CT300261POS26,18.2.5.7
NY356928POS21 (1),18.2.5.7
CT349860POS1,18.2.5.7
CT349860POS2,18.2.5.7
NJ358510POS1,18.2.5.7
NJ358510POS21,18.2.5.7
NJ358510POS26,18.2.5.7
PA353609POS2,18.2.5.7
NY331409POS2,18.2.5.7
MA302994POS1,18.2.5.7
MA302994POS2,18.2.5.7
MA355116POS1,18.2.5.7
NY357999POS26,18.2.5.7
NY357999POS1,18.2.5.7
NY357999POS21,18.2.5.7
NC346064POS1,18.2.5.7
NC346064POS2,18.2.5.7
NC346064POS21,18.2.5.7
NC346064POS26,18.2.5.7
DE358354POS21,18.2.5.7
DE358354POS26,18.2.5.7
DE358354POS2,18.2.5.7
DE358354POS1,18.2.5.7
CT342508POS1 (1),18.2.5.7
FL358254POS1 (2),18.2.5.7
NY359680POS1,18.2.5.7
NY359680POS2,18.2.5.7
NC358799POS1,18.2.5.7
NC358799POS2,18.2.5.7
NC358799POS21,18.2.5.7
NC358799POS26,18.2.5.7
VA358630POS2,18.2.5.7
VA358630POS1,18.2.5.7
VA358630POS21,18.2.5.7
VA358630POS26,18.2.5.7
PA359230POS1,18.2.5.7
NY335898POS2,18.2.5.7
FL358845POS26,18.2.5.7
FL358845POS21,18.2.5.7
FL358845POS1,18.2.5.7
FL357484POS1,18.2.5.7
FL357484POS26,18.2.5.7
FL357484POS21,18.2.5.7
CT358886POS2,18.2.5.7
NH356658POS2,18.2.5.7
NH356658POS1,18.2.5.7
NH356658POS21,18.2.5.7
NH356658POS26,18.2.5.7
GA358424POS1,18.2.5.7
GA358424POS2,18.2.5.7
GA358424POS21,18.2.5.7
GA358424POS26,18.2.5.7
PA358855POS26,18.2.5.7
PA358855POS21,18.2.5.7
PA358855POS1,18.2.5.7
NY358688POS1,18.2.5.7
NY358688POS21,18.2.5.7
NY358688POS26,18.2.5.7
PA358996POS2,18.2.5.7
PA358996POS1,18.2.5.7
GA359242POS26,18.2.5.7
GA359242POS21,18.2.5.7
GA359242POS1,18.2.5.7
MD351664POS1,18.2.5.7
MD351664POS2,18.2.5.7
MD351664POS26,18.2.5.7
MD351664POS21,18.2.5.7
GA359157POS1,18.2.5.7
GA359157POS21,18.2.5.7
GA359157POS26 (1),18.2.5.7
NH358598POS21 (1),18.2.5.7
PA358486POS1,18.2.5.7
PA358486POS2,18.2.5.7
NY358072POS2,18.2.5.7
NY359639POS1,18.2.5.7
NY359639POS2,18.2.5.7
MI358610POS2,18.2.5.7
MI358610POS21,18.2.5.7
MI358610POS1,18.2.5.7
MI358610POS26,18.2.5.7
FL357918POS1,18.2.5.7
FL357918POS21,18.2.5.7
FL357918POS26,18.2.5.7
NJ353900POS1,18.2.5.7
NJ353900POS21,18.2.5.7
NJ353900POS26,18.2.5.7
PA358836POS1,18.2.5.7
PA358836POS2,18.2.5.7
PA358836POS21,18.2.5.7
PA358836POS26,18.2.5.7
MA355854POS26,18.2.5.7
MA355854POS1,18.2.5.7
MA355854POS21,18.2.5.7
CT342881POS2,18.2.5.7
CT342881POS1,18.2.5.7
CT342881POS21,18.2.5.7
CT342881POS26,18.2.5.7
GA358922POS26,18.2.5.7
GA358922POS1,18.2.5.7
GA358922POS21,18.2.5.7
OH359545POS21,18.2.5.7
OH359545POS2,18.2.5.7
OH359545POS1,18.2.5.7
OH359545POS26,18.2.5.7
FL358446POS2 (2),18.2.5.7
IN358695POS26,18.2.5.7
IN358695POS21,18.2.5.7
MD356768POS2 (1),18.2.5.7
MD356768POS1 (1),18.2.5.7
MD356768POS21 (1),18.2.5.7
MD356768POS26 (1),18.2.5.7
PA348524POS1,18.2.5.7
PA348524POS2 (1),18.2.5.7
ME331318POS2,18.2.5.7
ME331318POS26,18.2.5.7
ME331318POS1,18.2.5.7
ME331318POS21,18.2.5.7
GA359175POS2,18.2.5.7
GA359175POS1,18.2.5.7
GA359175POS26 (1),18.2.5.7
GA359175POS21 (1),18.2.5.7
FL357740POS1,18.2.5.7
FL310171POS1,18.2.5.7
FL310171POS2,18.2.5.7
FL310171POS21,18.2.5.7
FL310171POS26,18.2.5.7
FL357740POS2,18.2.5.7
FL357740POS26 (1),18.2.5.7
FL357740POS21 (1),18.2.5.7
MA359344POS1,18.2.5.7
MA359344POS2,18.2.5.7
CT359306POS21,18.2.5.7
CT359306POS26,18.2.5.7
CT359306POS1,18.2.5.7
CT359306POS2,18.2.5.7
GA359419POS21,18.2.5.7
GA359419POS1,18.2.5.7
GA359419POS2,18.2.5.7
GA359419POS26,18.2.5.7
FL358722POS21,18.2.5.7
FL358722POS2,18.2.5.7
FL358722POS26,18.2.5.7
FL358722POS1,18.2.5.7
NC359488POS1,18.2.5.7
NC359488POS21,18.2.5.7
NC359488POS26,18.2.5.7
OH359520POS26,18.2.5.7
OH359520POS21,18.2.5.7
OH359520POS2,18.2.5.7
OH359520POS1,18.2.5.7
RI334771POS2,18.2.5.7
RI334771POS1,18.2.5.7
RI334771POS21,18.2.5.7
RI334771POS26,18.2.5.7
MD358101POS21,18.2.5.7
MD358101POS1,18.2.5.7
MD358101POS26,18.2.5.7
MD359143POS1,18.2.5.7
MD359143POS26,18.2.5.7
MD359143POS21,18.2.5.7
NY359166POS21,18.2.5.7
NY359166POS1,18.2.5.7
MA355854POS22,18.2.5.6
NH306554POS2,18.2.5.7
NH306554POS26,18.2.5.7
NH306554POS1,18.2.5.7
MD300617POS2,18.2.5.7
MD300617POS1,18.2.5.7
MD300617POS26,18.2.5.7
MD300617POS21,18.2.5.7
ME356533POS1,18.2.5.7
ME356533POS2,18.2.5.7
OH359149POS1,18.2.5.7
OH359149POS2,18.2.5.7
OH359149POS21,18.2.5.7
OH359149POS22,18.2.5.7
OH359149POS26,18.2.5.7
OH359391POS1,18.2.5.7
OH359391POS21,18.2.5.7
OH359391POS26,18.2.5.7
MA348688POS1,18.2.5.7
MA348688POS26,18.2.5.7
MA348688POS21,18.2.5.7
NH331966POS1,18.2.5.7
NH331966POS21,18.2.5.7
NH331966POS26,18.2.5.7
DE355893POS1,18.2.5.7
DE355893POS26,18.2.5.7
DE355893POS2,18.2.5.7
DE355893POS21,18.2.5.7
FL332988POS3,18.2.5.7
FL332988POS21,18.2.5.7
FL332988POS2,18.2.5.7
FL332988POS26,18.2.5.7
NH342955POS26,18.2.5.7
NH342955POS21,18.2.5.7
NH342955POS1,18.2.5.7
NH339863POS1,18.2.5.7
NH341482POS1,18.2.5.7
NH342025POS1,18.2.5.7
NH342025POS26,18.2.5.7
NH342025POS21,18.2.5.7
NC358642POS26,18.2.5.7
NC358642POS21,18.2.5.7
NC358642POS2,18.2.5.7
NC358642POS1,18.2.5.7
FL359220POS21,18.2.5.7
FL359220POS26,18.2.5.7
PA359138POS1,18.2.5.7
PA359138POS21,18.2.5.7
PA359138POS26,18.2.5.7
ME331926POS26,18.2.5.7
ME331926POS21,18.2.5.7
ME331926POS2,18.2.5.7
ME331926POS1,18.2.5.7
NJ337206POS1,18.2.5.7
NJ337206POS2,18.2.5.7
RI301927POS26,18.2.5.7
RI301927POS1,18.2.5.7
RI301927POS2,18.2.5.7
RI301927POS21,18.2.5.7
FL354755POS2,18.2.5.7
FL354755POS21,18.2.5.7
FL354755POS26,18.2.5.7
FL354755POS1,18.2.5.7
NJ347367POS2,18.2.5.7
NJ347367POS1,18.2.5.7
NJ347367POS26,18.2.5.7
NJ347367POS21 (1),18.2.5.7
FL349960POS2,18.2.5.7
FL349960POS21,18.2.5.7
FL349960POS1,18.2.5.7
FL349960POS26,18.2.5.7
GA349401POS1,18.2.5.7
GA349401POS2,18.2.5.7
GA349401POS21,18.2.5.7
GA349401POS26,18.2.5.7
ME337988TAB41,18.2.5.7
MA300503TAB41,18.2.5.7
FL359220POS2 (1),18.2.5.7
FL359220POS1 (1),18.2.5.7
RI332744POS1,18.2.5.7
RI332744POS2,18.2.5.7
RI345396POS1,18.2.5.7
NY358138POS1,18.2.5.7
GA353605POS2,18.2.5.7
GA353605POS1,18.2.5.7
GA353605POS21,18.2.5.7
GA353605POS26,18.2.5.7
GA349086POS2,18.2.5.7
GA349086POS21,18.2.5.7
GA349086POS26,18.2.5.7
GA349086POS1,18.2.5.7
GA355013POS21,18.2.5.7
GA355013POS26,18.2.5.7
GA355013POS1,18.2.5.7
GA355013POS2,18.2.5.7
NH347514POS2,18.2.5.7
NH347514POS1,18.2.5.7
NH347514POS21,18.2.5.7
NH347514POS26,18.2.5.7
RI350568POS1,18.2.5.7
NJ349202POS26,18.2.5.7
NJ349202POS21,18.2.5.7
NJ349202POS2,18.2.5.7
NJ349202POS1,18.2.5.7
GA357679POS2,18.2.5.7
GA357679POS21,18.2.5.7
GA357679POS1,18.2.5.7
GA357679POS26,18.2.5.7
NJ350671POS2,18.2.5.7
NJ350671POS26,18.2.5.7
RI341627POS1,18.2.5.7
NJ350671POS1,18.2.5.7
NJ310016POS1,18.2.5.7
NJ310016POS2,18.2.5.7
NJ310016POS26,18.2.5.7
NJ350671POS21,18.2.5.7
RI341627POS2,18.2.5.7
RI310435POS2,18.2.5.7
RI310435POS21,18.2.5.7
RI310435POS1,18.2.5.7
RI310435POS26,18.2.5.7
VT331967POS26,18.2.5.7
VT331967POS21,18.2.5.7
VT331967POS1,18.2.5.7
NJ349770POS2,18.2.5.7
NJ349770POS21,18.2.5.7
NJ349770POS1,18.2.5.7
NJ349770POS26,18.2.5.7
RI342433POS2,18.2.5.7
RI342433POS1,18.2.5.7
RI342433POS21,18.2.5.7
RI342433POS26,18.2.5.7
ME300268TAB41,18.2.5.7
RI350568POS2,18.2.5.7
CA358515TAB41,18.2.5.7
MA358427TAB41,18.2.5.7
VA357080POS1 (1),18.2.5.7
NJ357383TAB41,18.2.5.7
GA304785POS2 (1),18.2.5.7
GA310298POS2 (1),18.2.5.7
MA300503POS1 (1),18.2.5.7
RI337151TAB41,18.2.5.7
TX354679TAB41 (1),18.2.5.7
FL332988POS1 (1),18.2.5.7
NH306554POS21 (1),18.2.5.7
NY331409POS21 (1),18.2.5.7
TN359214TAB41,18.2.4.3
IL341737POS26 (1),18.2.5.7
IL341737POS1 (1),18.2.5.7
IL341737POS2 (1),18.2.5.7
IL341737POS21 (1),18.2.5.7
CO358838POS1,18.2.5.7
CO358838POS2,18.2.5.7
CO358838POS26,18.2.5.7
CA358585POS1,18.2.5.7
CA358585POS21,18.2.5.7
CA358585POS26,18.2.5.7
LA357916POS2,18.2.5.7
LA357916POS1,18.2.5.7
LA357916POS21,18.2.5.7
LA357916POS26,18.2.5.7
IL355863POS1,18.2.5.7
IL355863POS26,18.2.5.7
IL355863POS21,18.2.5.7
TN356434POS1,18.2.5.7
TN356434POS2,18.2.5.7
TN356434POS21,18.2.5.7
TN356434POS26,18.2.5.7
MN358526POS1,18.2.5.7
MN358526POS21,18.2.5.7
MN358526POS26,18.2.5.7
IL357237POS1,18.2.5.7
IL357237POS26,18.2.5.7
IL357237POS21,18.2.5.7
IL310168POS1,18.2.5.7
IL310168POS21,18.2.5.7
IL310168POS26,18.2.5.7
TX357090POS1,18.2.5.7
TX357090POS21,18.2.5.7
TX357090POS26,18.2.5.7
IL356106POS2,18.2.5.7
IL356106POS21,18.2.5.7
IL356106POS26,18.2.5.7
IL356106POS1,18.2.5.7
IL346262POS1,18.2.5.7
IL346262POS2,18.2.5.7
IL346262POS21,18.2.5.7
IL346262POS26,18.2.5.7
CA358812POS1,18.2.5.7
CA356659POS1,18.2.5.7
CA356659POS21,18.2.5.7
IL307724POS2,18.2.5.7
IL307724POS1,18.2.5.7
IL307724POS3,18.2.5.7
CA356659POS26 (1),18.2.5.7
IL357223POS21,18.2.5.7
IL357223POS2,18.2.5.7
IL357223POS1,18.2.5.7
IL357223POS26,18.2.5.7
CA358726POS2,18.2.5.7
IL310168POS2 (1),18.2.5.7
CA358726POS1 (1),18.2.5.7
IL300562POS1,18.2.5.7
IL300562POS26,18.2.5.7
IL300562POS21,18.2.5.7
IL306605POS2,18.2.5.7
IL306605POS1,18.2.5.7
CA358106POS1,18.2.5.7
MN358403POS1,18.2.5.7
IL308751POS1,18.2.5.7
IL308751POS3,18.2.5.7
IL308751POS2,18.2.5.7
IL347935POS1,18.2.5.7
IL347935POS26,18.2.5.7
IL347935POS21,18.2.5.7
NE357967POS2,18.2.5.7
NE357967POS3,18.2.5.7
NE357967POS21,18.2.5.7
NE357967POS1,18.2.5.7
NE357967POS26,18.2.5.7
TX357430POS21,18.2.5.7
TX357430POS1,18.2.5.7
TX357430POS26,18.2.5.7
TX357430POS2,18.2.5.7
IL357027POS1,18.2.5.7
IL357027POS21,18.2.5.7
IL357027POS26,18.2.5.7
IL307992POS2,18.2.5.7
IL307992POS1,18.2.5.7
IL355787POS21,18.2.5.7
IL355787POS1,18.2.5.7
IL355787POS26,18.2.5.7
IL355787POS2,18.2.5.7
TX357216POS2,18.2.5.7
TX357216POS1,18.2.5.7
TX357216POS21,18.2.5.7
TX357216POS26,18.2.5.7
IL300542POS1 (1),18.2.5.7
IL344885POS1,18.2.5.7
TN357991POS2,18.2.5.7
TN357991POS21,18.2.5.7
TN357991POS26,18.2.5.7
TN357991POS1,18.2.5.7
TX354679POS2,18.2.5.7
TX354679POS21,18.2.5.7
TX354679POS26,18.2.5.7
TX354679POS1,18.2.5.7
TX357090POS2,18.2.5.7
CA358515POS26,18.2.5.7
CA358515POS21,18.2.5.7
CA358515POS1,18.2.5.7
CO358838POS21,18.2.5.7
TX357201POS26,18.2.5.7
TX357201POS21,18.2.5.7
TX357201POS1,18.2.5.7
TX357201POS2,18.2.5.7
TX357201POS3,18.2.5.7
FL336538POS26,18.2.5.7
FL336538POS21,18.2.5.7
FL336538POS2,18.2.5.7
FL336538POS1,18.2.5.7
IN358596POS2,18.2.5.7
IN358596POS1,18.2.5.7
IN358596POS21,18.2.5.7
IN358596POS26,18.2.5.7
TX355680POS1 (1),18.2.5.7
TX355680POS2 (1),18.2.5.7
TX355680POS21 (1),18.2.5.7
TX355680POS26 (1),18.2.5.7
AL357154POS26,18.2.5.7
AL357154POS21,18.2.5.7
AL357154POS1,18.2.5.7
MO359295POS1,18.2.5.7
MO359295POS27,18.2.5.7
MO359295POS26,18.2.5.7
IL349241POS1,18.2.5.7
IL349241POS2,18.2.5.7
NM359484POS1,18.2.5.7
MN357473POS2,18.2.5.7
MN357473POS21,18.2.5.7
MN357473POS26,18.2.5.7
MN357473POS1,18.2.5.7
IL357948POS1,18.2.5.7
IL357948POS2,18.2.5.7
IL357948POS21,18.2.5.7
IL357948POS26,18.2.5.7
IL357948POS3,18.2.5.7
TX357327POS1,18.2.5.7
TX357327POS2,18.2.5.7
TX357327POS21,18.2.5.7
TX357327POS26,18.2.5.7
IA357282POS1,18.2.5.7
IA357282POS21,18.2.5.7
IA357282POS26,18.2.5.7
IL304851POS2,18.2.5.7
IL304851POS21,18.2.5.7
IL304851POS1,18.2.5.7
IL304851POS26,18.2.5.7
NM359339POS1,18.2.5.7
NM359339POS2,18.2.5.7
NM359339POS21,18.2.5.7
NM359339POS26,18.2.5.7
AZ359319POS1,18.2.5.7
AZ359319POS2,18.2.5.7
NM359009POS21,18.2.5.7
NM359009POS1,18.2.5.7
NM359009POS26,18.2.5.7
WI357235POS1 (1),18.2.5.7
CA356185POS1,18.2.5.6
CA356185POS21,18.2.5.7
CA356185POS26,18.2.5.7
WI357235POS26 (1),18.2.5.7
WI357235POS21 (1),18.2.5.7
TX355681POS2 (1),18.2.5.7
TX355681POS3 (1),18.2.5.7
TX355681POS21 (1),18.2.5.7
TX355681POS26 (1),18.2.5.7
IL338802POS2,18.2.5.7
IL338802POS3,18.2.5.7
IL338802POS4 (2),18.2.5.7
IL338802POS1 (2),18.2.5.7
AZ356990POS1,18.2.5.7
AZ356990POS2,18.2.5.7
AZ356990POS26,18.2.5.7
AZ356990POS21,18.2.5.7
CA357608POS2,18.2.5.7
CA357608POS21,18.2.5.7
CA357608POS1,18.2.5.7
CA357608POS26,18.2.5.7
TX357672POS2,18.2.5.7
TX357672POS3,18.2.5.7
TX357672POS1,18.2.5.7
IL356307POS21 (1),18.2.5.7
IL356307POS1 (1),18.2.5.7
IL356307POS26 (1),18.2.5.7
CA358133POS2,18.2.5.7
CA358133POS1,18.2.5.7
ME345601POS2,18.2.5.7
ME345601POS21,18.2.5.7
ME345601POS1,18.2.5.7
ME345601POS26,18.2.5.7
NJ356964POS2,18.2.5.7
NJ356964POS1,18.2.5.7
NJ356964POS3,18.2.5.7
CA359056POS21,18.2.5.7
CA359056POS2,18.2.5.7
CA359056POS1,18.2.5.7
CA359056POS26,18.2.5.7
NY338949POS2,18.2.5.7
NY338949POS1,18.2.5.7
NY338949POS21,18.2.5.7
NY338949POS26,18.2.5.7
PA351259POS1,18.2.5.7
PA351259POS2,18.2.5.7
PA351259POS21,18.2.5.7
PA351259POS26,18.2.5.7
AZ359319POS21 (1),18.2.5.7
AZ359319POS26 (1),18.2.5.7
IL359561POS1,18.2.5.7
IL359561POS2,18.2.5.7
IL346603POS1,18.2.5.7
IL346603POS21,18.2.5.7
IL346603POS26,18.2.5.7
ME304697POS1,18.2.5.7
ME304697POS2,18.2.5.7
ME304697POS21,18.2.5.7
ME304697POS26,18.2.5.7
CA356174POS1,18.2.5.7
CA356174POS26,18.2.4.3
CA356174POS21,18.2.4.3
GA359196POS26,18.2.5.7
GA359196POS21,18.2.5.7
GA359196POS2,18.2.5.7
GA359196POS1,18.2.5.7
CA356174POS2 (1),18.2.5.7
TX358746POS1,18.2.5.7
TX358746POS2,18.2.5.7
TX358746POS21,18.2.5.7
TX358746POS26,18.2.5.7
MN358827POS26,18.2.5.7
IL357738POS1,18.2.5.7
IL357738POS26,18.2.5.7
IL357738POS21,18.2.5.7
MN358827POS21 (1),18.2.5.7
MN358827POS1 (1),18.2.5.7
MA359404POS2,18.2.5.7
MA359404POS1,18.2.5.7
VA358800POS1,18.2.5.7
VA358800POS21,18.2.5.7
VA358800POS26,18.2.5.7
MA358223POS2,18.2.5.7
MA358223POS1,18.2.5.7
IL300910POS2,18.2.5.7
IL300910POS1,18.2.5.7
IL344303POS1,18.2.5.7
IL344303POS21,18.2.5.7
IL344303POS26,18.2.5.7
NJ358595POS1,18.2.5.7
NJ358595POS26,18.2.5.7
NJ358595POS21,18.2.5.7
IL300679POS1,18.2.5.7
IL300679POS2,18.2.5.7
IL300679POS21,18.2.5.7
IL300679POS26,18.2.5.7
IL302689POS26,18.2.5.7
IL302689POS3,18.2.5.7
IL302689POS21,18.2.5.7
IL302689POS1,18.2.5.7
IL302689POS2,18.2.5.7
CT358355POS1,18.2.5.7
CT358355POS2,18.2.5.7
CT358355POS26,18.2.5.7
CT358355POS21,18.2.5.7
NJ359082POS1,18.2.5.7
NJ359082POS2,18.2.5.7
IL300928POS2,18.2.5.7
IL300928POS1,18.2.5.7
IL300928POS26,18.2.5.7
IL300928POS21,18.2.5.7
MD359441POS1,18.2.5.7
NJ307009POS2,18.2.5.7
NJ307009POS1,18.2.5.7
IL306625POS21,18.2.5.7
AL359341POS1,18.2.5.7
AL359341POS2,18.2.5.7
FL358798POS21,18.2.5.7
FL358798POS1,18.2.5.7
FL358798POS2,18.2.5.7
FL358798POS26,18.2.5.7
NJ355009POS1,18.2.5.7
NJ355009POS2,18.2.5.7
NJ355009POS21,18.2.5.7
NJ355009POS26,18.2.5.7
MI359386POS21,18.2.5.7
MI359386POS2,18.2.5.7
MI359386POS1,18.2.5.7
MI359386POS26,18.2.5.7
GA359244POS21,18.2.5.7
GA359244POS2,18.2.5.7
GA359244POS1,18.2.5.7
NY357124POS26,18.2.5.7
NY357124POS1,18.2.5.7
NY357124POS21,18.2.5.7
NV359630POS1,18.2.5.7
GA359244POS26 (1),18.2.5.7
NH359227POS26,18.2.5.7
NH359227POS1,18.2.5.7
FL357534POS2,18.2.5.7
GA358997POS1,18.2.5.7
GA358997POS21,18.2.5.7
GA358997POS26,18.2.5.7
CA358723POS1,18.2.5.7
FL359139POS2,18.2.5.7
FL359139POS1,18.2.5.7
FL359139POS26,18.2.5.7
FL359139POS21,18.2.5.7
OH359548POS1,18.2.5.7
OH359548POS26,18.2.5.7
OH359548POS21,18.2.5.7
IA356645POS21,18.2.5.7
IA356645POS1,18.2.5.7
IA356645POS26,18.2.5.7
IA356645POS2,18.2.5.7
IL335426POS2,18.2.5.7
IL335426POS21,18.2.5.7
IL335426POS26,18.2.5.7
IL335426POS1,18.2.5.7
NJ359541POS1,18.2.5.7
NJ359541POS2,18.2.5.7
IL335722POS2,18.2.5.7
IL335722POS21,18.2.5.7
IL335722POS1,18.2.5.7
IL335722POS26,18.2.5.7
LA357915POS21,18.2.5.7
GA359376POS21,18.2.5.7
GA359376POS2,18.2.5.7
GA359376POS26,18.2.5.7
IL343383POS1,18.2.5.7
TN358932POS1,18.2.5.7
TN358932POS26,18.2.5.7
TN358932POS21,18.2.5.7
VA356661POS26,18.2.5.7
VA356661POS21,18.2.5.7
MD358833POS2,18.2.5.7
MD358833POS21,18.2.5.7
MD358833POS26,18.2.5.7
IN359504POS1,18.2.5.7
IN359504POS2,18.2.5.7
MD358833POS1,18.2.5.7
VA356661POS1,18.2.5.7
NH359348POS2,18.2.5.7
NH359348POS1,18.2.5.7
NH359348POS21,18.2.5.7
NH359348POS26,18.2.5.7
LA357915POS1,18.2.5.7
LA357915POS26,18.2.5.7
NY356528POS26,18.2.5.7
NY356528POS1,18.2.5.7
NY356528POS21,18.2.5.7
AL358638POS1,18.2.5.7
AL358638POS26,18.2.5.7
AL358638POS21,18.2.5.7
AL358638POS2,18.2.5.7
NY359234POS21,18.2.5.7
NY359234POS26,18.2.5.7
NY359234POS1,18.2.5.7
NY359234POS2,18.2.5.7
UT358217POS1,18.2.5.7
MA358242POS2,18.2.5.7
MA358242POS21,18.2.5.7
MA358242POS1,18.2.5.7
MA358242POS26,18.2.5.7
TN358318POS1,18.2.5.7
TN358318POS21,18.2.5.7
TN358318POS26,18.2.5.7
PA359802POS26,18.2.5.7
PA359802POS2,18.2.5.7
PA359802POS1,18.2.5.7
MA358614POS2,18.2.5.7
MA358614POS21,18.2.5.7
MA358614POS26,18.2.5.7
PA359802POS21,18.2.5.7
MA358614POS1,18.2.5.7
NC359469POS21,18.2.5.7
NC359469POS1,18.2.5.7
NC359469POS26,18.2.5.7
FL357157POS21,18.2.5.7
FL357157POS2,18.2.5.7
FL357157POS26,18.2.5.7
FL357157POS1,18.2.5.7
FL359664POS1,18.2.5.7
FL359664POS2,18.2.5.7
NY347874POS1,18.2.5.7
NY347874POS21,18.2.5.7
NY347874POS2,18.2.5.7
NY347874POS26,18.2.5.7
GA359422POS1,18.2.5.7
GA359422POS2,18.2.5.7
TN350100POS21,18.2.5.7
TN350100POS2,18.2.5.7
TN350100POS1,18.2.5.7
TN350100POS26,18.2.5.7
NJ350562POS2,18.2.5.7
NJ350562POS21,18.2.5.7
NJ350562POS1,18.2.5.7
NJ350562POS26,18.2.5.7
VT348340POS1,18.2.5.7
VT348340POS21,18.2.5.7
VT348340POS26,18.2.5.7
TN357757POS2,18.2.5.7
TN357757POS1,18.2.5.7
TN357757POS21,18.2.5.7
TN357757POS26,18.2.5.7
MD358576POS1,18.2.5.7
MD358576POS26,18.2.5.7
MD358576POS21,18.2.5.7
TN355283POS21,18.2.5.7
TN355283POS2,18.2.5.7
TN355283POS1,18.2.5.7
TN355283POS26,18.2.5.7
NJ348586POS2,18.2.5.7
NJ348586POS1,18.2.5.7
GA345539POS1,18.2.5.7
GA345539POS26,18.2.5.7
TN352640POS26,18.2.5.7
TN352640POS2,18.2.5.7
TN352640POS21,18.2.5.7
TN352640POS1,18.2.5.7
RI300611POS21,18.2.5.7
RI300611POS2,18.2.5.7
RI300611POS26,18.2.5.7
RI300611POS1,18.2.5.7
CO356358POS26,18.2.5.7
CO356358POS1,18.2.5.7
CO355505POS2,18.2.5.7
CO355505POS21,18.2.5.7
CO355505POS26,18.2.5.7
CO355505POS1,18.2.5.7
TN347325POS2,18.2.5.7
TN347325POS1,18.2.5.7
TN347325POS21,18.2.5.7
TN347325POS26,18.2.5.7
PA356655POS26,18.2.5.7
VA335797POS1,18.2.5.7
VA335797POS26,18.2.5.7
VA335797POS2,18.2.5.7
VA335797POS21,18.2.5.7
PA356655POS21,18.2.5.7
PA356655POS1,18.2.5.7
IL359642POS1,18.2.5.7
IL359642POS2,18.2.5.7
GA359099POS1,18.2.5.7
GA359099POS21,18.2.5.7
GA359099POS26,18.2.5.7
TN353481POS2,18.2.5.7
TN353481POS1,18.2.5.7
TN353481POS21,18.2.5.7
TN353481POS26,18.2.5.7
CO357094POS1,18.2.5.7
RI348693POS21,18.2.5.7
RI348693POS2,18.2.5.7
RI348693POS26,18.2.5.7
RI348693POS1,18.2.5.7
TN351064POS1,18.2.5.7
TN351064POS2,18.2.5.7
TN351064POS21,18.2.5.7
TN351064POS26,18.2.5.7
GA359606POS1,18.2.5.7
PA359825POS1,18.2.5.7
PA359825POS21,18.2.5.7
PA359825POS26,18.2.5.7
PA359825POS2,18.2.5.7
OH358474POS1,18.2.5.7
GA359195POS26,18.2.5.7
TN355792POS2,18.2.5.7
TN355792POS21,18.2.5.7
TN355792POS26,18.2.5.7
TN355792POS1,18.2.5.7
OH358474POS21,18.2.5.7
OH358474POS26,18.2.5.7
GA359195POS2,18.2.5.7
GA359195POS21,18.2.5.7
GA359195POS1,18.2.5.7
LA357915POS2 (1),18.2.5.7
IL359363POS1,18.2.5.7
IL359363POS21,18.2.5.7
IL359363POS26,18.2.5.7
RI342939POS1,18.2.5.7
RI342939POS2,18.2.5.7
RI342939POS21,18.2.5.7
RI342939POS26,18.2.5.7
AL358766POS1,18.2.5.7
AL358766POS21,18.2.5.7
CT307828POS21,18.2.5.7
CT307828POS26,18.2.5.7
DE359677POS1,18.2.5.7
DE359677POS21,18.2.5.7
DE359677POS26,18.2.5.7
AL358766POS26 (1),18.2.5.7
ME359568POS1,18.2.5.7
ME359568POS2,18.2.5.7
ME359568POS21,18.2.5.7
NY354798POS26,18.2.5.7
NY354798POS21,18.2.5.7
NY354798POS1,18.2.5.7
CO359596POS21,18.2.5.7
CO359596POS2,18.2.5.7
CO359596POS26,18.2.5.7
CO359596POS1,18.2.5.7
NY358963POS2,18.2.5.7
NY358963POS1,18.2.5.7
NY358963POS26,18.2.5.7
NY358963POS21,18.2.5.7
IL344425POS1,18.2.5.7
RI306718POS1,18.2.5.7
RI306718POS26,18.2.5.7
RI306718POS21,18.2.5.7
RI306718POS2,18.2.5.7
NY359647POS1,18.2.5.7
RI306153POS2,18.2.5.7
RI306153POS1,18.2.5.7
RI306153POS21,18.2.5.7
RI306153POS26,18.2.5.7
NY331771POS2,18.2.5.7
NY331771POS1,18.2.5.7
NY331771POS21,18.2.5.7
NY331771POS26,18.2.5.7
IL359792POS2,18.2.5.7
IL359792POS1,18.2.5.7
IL359792POS21,18.2.5.7
IL359792POS26,18.2.5.7
IL300542POS2,18.2.5.7
GA345539POS2 (1),18.2.5.7
GA345539POS21 (1),18.2.5.7
FL307800POS21,18.2.5.7
FL307800POS1,18.2.5.7
FL307800POS26,18.2.5.7
VA341252POS21,18.2.5.7
VA341252POS2,18.2.5.7
VA341252POS26,18.2.5.7
VA341252POS1,18.2.5.7
WY357148POS21,18.2.5.7
WY357148POS1,18.2.5.7
WY357148POS26,18.2.5.7
AZ358670POS21,18.2.5.7
AZ358670POS2,18.2.5.7
AZ358670POS26,18.2.5.7
AZ358670POS1,18.2.5.7
NH346676POS1,18.2.5.7
NH346676POS2,18.2.5.7
NH346676POS21,18.2.5.7
NH346676POS26,18.2.5.7
NJ335624POS2,18.2.5.7
NJ335624POS21,18.2.5.7
NJ335624POS1,18.2.5.7
NJ335624POS26,18.2.5.7
PA359725POS1,18.2.5.7
PA359725POS21,18.2.5.7
PA359725POS26,18.2.5.7
NJ354620POS1,18.2.5.7
NJ354620POS21,18.2.5.7
NJ354620POS26,18.2.5.7
FL341394POS1,18.2.5.7
FL341394POS21,18.2.5.7
FL341394POS26,18.2.5.7
GA359775POS21,18.2.5.7
GA359775POS2,18.2.5.7
GA359775POS26,18.2.5.7
GA359775POS1,18.2.5.7
CA359305POS1,18.2.5.7
CA359305POS26,18.2.5.7
CA359305POS21,18.2.5.7
CA359305POS2,18.2.5.7
WI359438POS1,18.2.5.7
WI359438POS2,18.2.5.7
WI359438POS21,18.2.5.7
WI359438POS3,18.2.5.7
WI359438POS26,18.2.5.7
CT300668POS21,18.2.5.7
CT300668POS1,18.2.5.7
CT300668POS26,18.2.5.7
MA342612POS1,18.2.5.7
CT307828POS1 (1),18.2.5.7
MA342612POS2,18.2.5.7
AZ358687POS26,18.2.5.7
AZ358687POS1,18.2.5.7
AZ358687POS21,18.2.5.7
GA359606POS2 (1),18.2.5.7
NY306312POS2,18.2.5.7
NY306312POS1,18.2.5.7
NY306312POS21,18.2.5.7
NY306312POS26,18.2.5.7
RI338942POS1,18.2.5.7
RI338942POS2,18.2.5.7
RI338942POS21,18.2.5.7
RI338942POS26,18.2.5.7
TN352349POS2,18.2.5.7
TN352349POS1,18.2.5.7
TN352349POS21,18.2.5.7
TN352349POS26,18.2.5.7
NC359413POS2,18.2.5.7
NC359413POS3,18.2.5.7
NC359413POS1,18.2.5.7
FL348249POS1,18.2.5.7
FL348249POS21,18.2.5.7
FL348249POS26,18.2.5.7
NC359413POS26,18.2.5.7
MA359699POS1,18.2.5.7
MA359699POS26,18.2.5.7
FL302729POS2,18.2.5.7
FL302729POS21,18.2.5.7
FL302729POS1,18.2.5.7
FL302729POS26,18.2.5.7
IN359504POS21,18.2.5.7
IN359504POS26 (1),18.2.5.7
CT308628POS1,18.2.5.7
CT308628POS2,18.2.5.7
CT308628POS21,18.2.5.7
CT308628POS26,18.2.5.7
MA359699POS21,18.2.5.7
RI338022POS21,18.2.5.7
RI338022POS1,18.2.5.7
RI338022POS2,18.2.5.7
RI338022POS26,18.2.5.7
GA358013POS1,18.2.5.7
GA358013POS21,18.2.5.7
GA358013POS2,18.2.5.7
GA358013POS26,18.2.5.7
TN349724POS1,18.2.5.7
TN349724POS2,18.2.5.7
TN349724POS21,18.2.5.7
TN349724POS26,18.2.5.7
IL300729POS2,18.2.5.7
IL300729POS3,18.2.5.7
IL300729POS21,18.2.5.7
IL300729POS1,18.2.5.7
IL300729POS26,18.2.5.7
GA336381POS2,18.2.5.7
GA336381POS3,18.2.5.7
GA336381POS21,18.2.5.7
GA336381POS1,18.2.5.7
GA336381POS26,18.2.5.7
TN352953POS1,18.2.5.7
TN352953POS2,18.2.5.7
TN352953POS21,18.2.5.7
TN352953POS26,18.2.5.7
GA348836POS1,18.2.5.7
GA348836POS2,18.2.5.7
GA348836POS21,18.2.5.7
GA348836POS26,18.2.5.7
GA352471POS21,18.2.5.7
GA352471POS2,18.2.5.7
GA352471POS1,18.2.5.7
GA352471POS26,18.2.5.7
TN348004POS1,18.2.5.7
TN348004POS2,18.2.5.7
TN348004POS21,18.2.5.7
TN348004POS26,18.2.5.7
TN354119POS1,18.2.5.7
TN354119POS2,18.2.5.7
TN354119POS21,18.2.5.7
TN354119POS26,18.2.5.7
TN354653POS21,18.2.5.7
TN354653POS2,18.2.5.7
TN354653POS1,18.2.5.7
TN354653POS26,18.2.5.7
OH351614POS21,18.2.5.7
OH351614POS1,18.2.5.7
OH351614POS26,18.2.5.7
OH351614POS2,18.2.5.7
TN355282POS21,18.2.5.7
TN355282POS1,18.2.5.7
TN355282POS26,18.2.5.7
IL306474POS2,18.2.5.7
IL306474POS3,18.2.5.7
IL306474POS21,18.2.5.7
IL306474POS1,18.2.5.7
IL306474POS26,18.2.5.7
IL336536POS1,18.2.5.7
IL336536POS3,18.2.5.7
TN358440POS21,18.2.5.7
TN358440POS1,18.2.5.7
TN358440POS2,18.2.5.7
TN358440POS26,18.2.5.7
IL336536POS2,18.2.5.7
GA359376POS1 (1),18.2.5.7
NJ332100POS21,18.2.5.7
NJ332100POS2,18.2.5.7
NJ332100POS1,18.2.5.7
NJ332100POS26,18.2.5.7
TN350065POS2,18.2.5.7
TN350065POS1,18.2.5.7
TN350065POS21,18.2.5.7
TN350065POS26,18.2.5.7
GA308655POS3,18.2.5.7
GA308655POS26,18.2.5.7
GA308655POS2,18.2.5.7
GA308655POS21,18.2.5.7
GA308655POS1,18.2.5.7
GA302564POS2,18.2.5.7
GA302564POS1,18.2.5.7
GA302564POS26,18.2.5.7
GA302564POS21 (1),18.2.5.7
TN354961POS2,18.2.5.7
TN354961POS1,18.2.5.7
TN354961POS21,18.2.5.7
TN354961POS26,18.2.5.7
TN351928POS21,18.2.5.7
TN351928POS2,18.2.5.7
TN351928POS1,18.2.5.7
TN351928POS26,18.2.5.7
SC354424POS1,18.2.5.7
SC354424POS2,18.2.5.7
SC354424POS21,18.2.5.7
SC354424POS26,18.2.5.7
IL342731POS21,18.2.5.7
IL342731POS26,18.2.5.7
IL342731POS2,18.2.5.7
IL342731POS3,18.2.5.7
IL342731POS1,18.2.5.7
TN354623POS2,18.2.5.7
TN354623POS1,18.2.5.7
TN354623POS21,18.2.5.7
TN354623POS26,18.2.5.7
NJ337471POS1,18.2.5.7
NJ337471POS2,18.2.5.7
TN348551POS1,18.2.5.7
TN348551POS2,18.2.5.7
TN348551POS26,18.2.5.7
TN355963POS21,18.2.5.7
TN355963POS1,18.2.5.7
TN355963POS26,18.2.5.7
TN355963POS2,18.2.5.7
TN348551POS21,18.2.5.7
TN346922POS2,18.2.5.7
TN346922POS1,18.2.5.7
TN346922POS26,18.2.5.7
TN346922POS21,18.2.5.7
TN352439POS2,18.2.5.7
TN352439POS1,18.2.5.7
TN352439POS21,18.2.5.7
TN352439POS26,18.2.5.7
NJ344289POS2,18.2.5.7
NJ344289POS1,18.2.5.7
NJ344289POS21,18.2.5.7
NJ344289POS26,18.2.5.7
TN352675POS1,18.2.5.7
TN352675POS21,18.2.5.7
TN352675POS2,18.2.5.7
TN352675POS26,18.2.5.7
RI308135POS21,18.2.5.7
RI308135POS2,18.2.5.7
RI308135POS26,18.2.5.7
RI308135POS1,18.2.5.7
CT341141POS1,18.2.5.7
CT341141POS21,18.2.5.7
CT341141POS2,18.2.5.7
CT341141POS26,18.2.5.7
NJ337571POS21,18.2.5.7
NJ337571POS2,18.2.5.7
NJ337571POS26,18.2.5.7
NJ337571POS1 (1),18.2.5.7
MA356283POS2,18.2.5.7
MA356283POS26,18.2.5.7
MA356283POS1,18.2.5.7
MA356283POS21,18.2.5.7
CT351441POS2,18.2.5.7
CT351441POS1,18.2.5.7
CT330000POS2,18.2.5.7
CT330000POS1,18.2.5.7
CT330000POS21,18.2.5.7
CT330000POS26,18.2.5.7
TN343536POS21,18.2.5.7
TN343536POS2,18.2.5.7
TN343536POS1,18.2.5.7
TN349815POS2,18.2.5.7
TN349815POS1,18.2.5.7
TN349815POS21,18.2.5.7
TN349815POS26,18.2.5.7
MD359465POS26,18.2.5.7
MD359465POS21,18.2.5.7
MD359465POS1,18.2.5.7
IL355623POS3,18.2.5.7
IL355623POS21,18.2.5.7
IL355623POS2,18.2.5.7
IL355623POS1,18.2.5.7
IL355623POS26,18.2.5.7
NJ342203POS21,18.2.5.7
NJ342203POS2,18.2.5.7
NJ342203POS26,18.2.5.7
NJ342203POS1,18.2.5.7
NC358977POS21,18.2.5.7
NC358977POS26,18.2.5.7
NC358977POS2,18.2.5.7
NC358977POS1,18.2.5.7
IL304662POS1,18.2.5.7
IL304662POS2,18.2.5.7
IL304662POS21,18.2.5.7
IL304662POS26,18.2.5.7
CT302672POS1,18.2.5.7
CT302672POS2 (1),18.2.5.7
NJ349146POS21,18.2.5.7
NJ349146POS26,18.2.5.7
NJ349146POS2,18.2.5.7
NJ349146POS1,18.2.5.7
TN343536POS26,18.2.5.7
NY340438POS2,18.2.5.7
NY340438POS21,18.2.5.7
NY340438POS1,18.2.5.7
NY340438POS26,18.2.5.7
NJ335887POS21,18.2.5.7
NJ335887POS26,18.2.5.7
NJ335887POS1,18.2.5.7
GA350554POS1,18.2.5.7
GA350554POS2,18.2.5.7
GA350554POS21,18.2.5.7
GA350554POS26,18.2.5.7
NJ335887POS2,18.2.5.7
MA301937POS2,18.2.5.7
MA301937POS1,18.2.5.7
RI304825POS2,18.2.5.7
RI304825POS21,18.2.5.7
RI304825POS1,18.2.5.7
RI304825POS26,18.2.5.7
NY307218POS21,18.2.5.7
NY307218POS2,18.2.5.7
NY307218POS26,18.2.5.7
NY307218POS1,18.2.5.7
NY350392POS1,18.2.5.7
NY350392POS21,18.2.5.7
NY350392POS26,18.2.5.7
NY350392POS2 (1),18.2.5.7
DC359701POS2,18.2.5.7
PA358535POS21,18.2.5.7
PA358535POS2,18.2.5.7
PA358535POS26,18.2.5.7
PA358535POS1,18.2.5.7
IL308843POS1,18.2.5.7
IL308843POS2,18.2.5.7
GA336181POS3,18.2.5.7
GA336181POS21,18.2.5.7
GA336181POS26,18.2.5.7
GA336181POS2,18.2.5.7
DC359701POS1,18.2.5.7
GA336181POS1,18.2.5.7
OH362441POS1,18.2.5.7
OH362441POS26,18.2.5.7
OH362441POS21,18.2.5.7
VA359114POS2,18.2.5.7
VA359114POS1,18.2.5.7
VA359114POS21,18.2.5.7
VA359114POS26,18.2.5.7
NJ302429POS2,18.2.5.7
NJ302429POS21,18.2.5.7
NJ302429POS26,18.2.5.7
NJ302429POS1,18.2.5.7
RI343493POS2,18.2.5.7
RI343493POS21,18.2.5.7
RI343493POS1,18.2.5.7
RI343493POS26,18.2.5.7
MN356550POS1,18.2.5.7
MN356550POS26,18.2.5.7
MN356550POS21,18.2.5.7
OH347526POS1,18.2.5.7
OH347526POS21,18.2.5.7
OH347526POS26,18.2.5.7
OH347526POS2,18.2.5.7
ME301212POS1,18.2.5.7
ME301212POS26,18.2.5.7
ME301212POS21,18.2.5.7
GA354102POS2,18.2.5.7
GA354102POS1,18.2.5.7
GA354102POS21,18.2.5.7
GA354102POS26,18.2.5.7
NJ342284POS2,18.2.5.7
NJ342284POS3,18.2.5.7
NJ342284POS1,18.2.5.7
NJ310280POS1,18.2.5.7
NJ310280POS2,18.2.5.7
NJ310280POS3,18.2.5.7
NJ310280POS21,18.2.5.7
NJ310280POS26,18.2.5.7
OH340530POS2,18.2.5.7
OH340530POS21,18.2.5.7
OH340530POS1,18.2.5.7
OH340530POS26,18.2.5.7
MN358873POS3,18.2.5.7
MN358873POS26,18.2.5.7
MN358873POS2,18.2.5.7
MN358873POS1,18.2.5.7
MN358873POS21,18.2.5.7
ME339701POS21,18.2.5.7
ME339701POS1,18.2.5.7
ME339701POS26,18.2.5.7
IL306016POS21,18.2.5.7
IL306016POS2,18.2.5.7
IL306016POS26,18.2.5.7
IL306016POS1,18.2.5.7
NJ343659POS1,18.2.5.7
NJ343659POS2,18.2.5.7
NJ343659POS21,18.2.5.7
NJ343659POS26,18.2.5.7
FL353246POS2,18.2.5.7
FL353246POS21,18.2.5.7
FL353246POS1,18.2.5.7
FL353246POS26,18.2.5.7
OH354511POS2,18.2.5.7
OH354511POS1,18.2.5.7
OH354511POS21,18.2.5.7
OH354511POS26,18.2.5.7
OH345001POS21,18.2.5.7
OH345001POS26,18.2.5.7
NY304411POS1,18.2.5.7
CT336102POS1,18.2.5.7
CT336102POS2,18.2.5.7
CT336102POS21,18.2.5.7
CT336102POS26,18.2.5.7
PA359803POS2,18.2.5.7
PA359803POS21,18.2.5.7
PA359803POS26,18.2.5.7
RI306436POS2,18.2.5.7
RI306436POS21,18.2.5.7
RI306436POS1,18.2.5.7
RI306436POS26,18.2.5.7
NY304411POS2 (1),18.2.5.7
NY359166POS26,18.2.5.7
MA304242POS1,18.2.5.7
MA304242POS2,18.2.5.7
OH345479POS1,18.2.5.7
OH345479POS2,18.2.5.7
OH345479POS21,18.2.5.7
OH345479POS26,18.2.5.7
CT301400POS1,18.2.5.7
CT301400POS2,18.2.5.7
CT301400POS21,18.2.5.7
OH349084POS21,18.2.5.7
OH349084POS26,18.2.5.7
OH349084POS1,18.2.5.7
OH349084POS2,18.2.5.7
CT301400POS26,18.2.5.7
TN358900POS1,18.2.5.7
TN358900POS26,18.2.5.7
TN358900POS21,18.2.5.7
NJ304375POS2,18.2.5.7
NJ304375POS21,18.2.5.7
NJ304375POS26,18.2.5.7
NJ304375POS1,18.2.5.7
NY356899POS1,18.2.5.7
NY356899POS26,18.2.5.7
NY356899POS21,18.2.5.7
CT354288POS1,18.2.5.7
CT354288POS26,18.2.5.7
CT354288POS21,18.2.5.7
NJ302526POS2,18.2.5.7
NJ302526POS21,18.2.5.7
NJ302526POS1,18.2.5.7
NJ302526POS26,18.2.5.7
NJ348945POS26,18.2.5.7
NJ348945POS1,18.2.5.7
OH336554POS2,18.2.5.7
OH336554POS21,18.2.5.7
OH336554POS26,18.2.5.7
OH336554POS1,18.2.5.7
OH345732POS2,18.2.5.7
OH345732POS1,18.2.5.7
NJ300391POS2,18.2.5.7
OH345732POS21,18.2.5.7
NJ300391POS21,18.2.5.7
NJ300391POS26,18.2.5.7
NJ300391POS1,18.2.5.7
OH345732POS26,18.2.5.7
PA353722POS1,18.2.5.7
PA353722POS2,18.2.5.7
PA353722POS21,18.2.5.7
PA353722POS26,18.2.5.7
CT303851POS1,18.2.5.7
CT331174POS1,18.2.5.7
CT331174POS2,18.2.5.7
CT331174POS21,18.2.5.7
CT331174POS26,18.2.5.7
CT303851POS2,18.2.5.7
PA359803POS1,18.2.5.7
OH345001POS1,18.2.5.7
OH345001POS2 (1),18.2.5.7
OH351392POS26 (1),18.2.5.7
OH351392POS2 (1),18.2.5.7
OH351392POS1 (1),18.2.5.7
OH351392POS21 (1),18.2.5.7
NY354798POS2 (1),18.2.5.7
DE303322POS26,18.2.5.7
NJ334684POS1,18.2.5.7
IN359437POS1,18.2.5.7
NJ334684POS2,18.2.5.7
IN359437POS26,18.2.5.7
DE303322POS2,18.2.5.7
IN359437POS21,18.2.5.7
DE303322POS1,18.2.5.7
IN359437POS2,18.2.5.7
VA359412POS26,18.2.5.7
VA359412POS1,18.2.5.7
NJ334718POS1,18.2.5.7
NJ334718POS26,18.2.5.7
MA337973POS2,18.2.5.7
NJ334718POS21,18.2.5.7
MA337973POS1,18.2.5.7
CT303320POS1,18.2.5.7
CT303320POS2,18.2.5.7
CT303320POS26,18.2.5.7
CT303320POS21,18.2.5.7
FL353336POS1 (1),18.2.5.7
ME336557POS1,18.2.5.7
FL353336POS2,18.2.5.7
FL353336POS26,18.2.5.7
ME336557POS2,18.2.5.7
ME336557POS26,18.2.5.7
FL353336POS21,18.2.5.7
ME336557POS21,18.2.5.7
OH356390POS1,18.2.5.7
OH356390POS26,18.2.5.7
OH356390POS21,18.2.5.7
NJ354880POS1,18.2.5.7
NJ354880POS2,18.2.5.7
NJ354880POS26,18.2.5.7
CT340502POS1,18.2.5.7
NJ354880POS21,18.2.5.7
NJ341388POS1,18.2.5.7
NJ341388POS2,18.2.5.7
CT340502POS26,18.2.5.7
CT340502POS2,18.2.5.7
CT340502POS21,18.2.5.7
NJ353155POS1,18.2.5.7
NJ353155POS2,18.2.5.7
NJ353155POS26,18.2.5.7
NJ353842POS1,18.2.5.7
PA341305POS1,18.2.5.7
NJ346002POS1,18.2.5.7
PA341305POS2,18.2.5.7
CT340560POS1,18.2.5.7
PA341305POS26,18.2.5.7
CT340560POS21,18.2.5.7
PA341305POS21,18.2.5.7
CT340560POS26,18.2.5.7
NJ353842POS2,18.2.5.7
NJ346002POS2,18.2.5.7
NJ353842POS26,18.2.5.7
NJ353155POS21,18.2.5.7
CT310109POS1,18.2.5.7
CT310109POS2,18.2.5.7
CT310109POS26,18.2.5.7
CT310109POS21,18.2.5.7
NJ353842POS21,18.2.5.7
NJ348768POS1,18.2.5.7
GA310096POS1,18.2.5.7
GA310096POS26,18.2.5.7
NJ331425POS1,18.2.5.7
CT341877POS1,18.2.5.7
CT342004POS1,18.2.5.7
CT342004POS2,18.2.5.7
NJ331425POS2,18.2.5.7
CT342004POS26,18.2.5.7
CT342004POS21,18.2.5.7
GA310096POS2,18.2.5.7
GA310096POS21,18.2.5.7
CT341877POS2,18.2.5.7
CT341877POS21,18.2.5.7
CT341877POS26,18.2.5.7
MD357631POS21,18.2.5.7
MD357631POS1,18.2.5.7
MD357631POS26,18.2.5.7
NJ300933POS1,18.2.5.7
NJ343009POS1,18.2.5.7
NJ340583POS1,18.2.5.7
NJ343009POS26,18.2.5.7
PA357326POS1,18.2.5.7
NJ343009POS2,18.2.5.7
NJ300933POS2,18.2.5.7
PA357326POS26,18.2.5.7
NJ348945POS2 (1),18.2.5.7
NJ343009POS21,18.2.5.7
NJ340583POS2,18.2.5.7
PA357326POS21,18.2.5.7
NJ348945POS21,18.2.5.7
WI357138POS4,DoesNotExist
NJ335577POS1,18.2.5.7
NJ340801POS1,18.2.5.7
NJ352069POS1,18.2.5.7
MA301304POS1,18.2.5.7
NJ335577POS2,18.2.5.7
OH346420POS1,18.2.5.7
NJ352069POS2 (1),18.2.5.7
OH346420POS2,18.2.5.7
OH346420POS26,18.2.5.7
CT343274POS2,18.2.5.7
OH346420POS21,18.2.5.7
CT343274POS21,18.2.5.7
CT354288POS2,18.2.5.7
NJ342187POS1,18.2.5.7
FL352159POS1,18.2.5.7
GA355977POS1,18.2.5.7
GA355977POS2,18.2.5.7
FL352159POS2,18.2.5.7
GA355977POS26,18.2.5.7
FL352159POS3,18.2.5.7
CT352854POS1,18.2.5.7
FL352159POS26,18.2.5.7
CT352854POS26,18.2.5.7
CT352854POS21,18.2.5.7
FL352159POS21,18.2.5.7
NJ342187POS2,18.2.5.7
GA355977POS21,18.2.5.7
ME359568POS26 (1),18.2.5.7
PA357326POS2,18.2.5.7
NJ300786POS1,18.2.5.7
NJ355232POS1,18.2.5.7
NJ355232POS2,18.2.5.7
PA356122POS1,18.2.5.7
NJ300786POS2,18.2.5.7
GA356627POS1,18.2.5.7
NJ344563POS1,18.2.5.7
GA356627POS2,18.2.5.7
PA356122POS2,18.2.5.7
GA356627POS21,18.2.5.7
PA356122POS26,18.2.5.7
NJ344563POS2,18.2.5.7
NJ344563POS26,18.2.5.7
OH357105POS1,18.2.5.7
OH357105POS2,18.2.5.7
OH357105POS26,18.2.5.7
NJ337258POS1,18.2.5.7
NJ337258POS2,18.2.5.7
NJ335955POS1,18.2.5.7
NJ335955POS26,18.2.5.7
NJ335955POS21,18.2.5.7
IL336088POS1,18.2.5.7
IL336088POS2,18.2.5.7
IL336088POS26,18.2.5.7
IL336088POS21,18.2.5.7
NJ335955POS2 (2),18.2.5.7
NJ301569POS1,18.2.5.7
FL357534POS26,18.2.5.7
FL357534POS1 (1),18.2.5.7
FL357534POS21 (1),18.2.5.7
IL306625POS2,18.2.5.7
IL306625POS1,18.2.5.7
IL306625POS3,18.2.5.7
NJ344563POS21,18.2.5.7
NJ349262POS1,18.2.5.7
NJ339089POS1,18.2.5.7
OH351520POS1,18.2.5.7
OH351520POS2,18.2.5.7
OH351520POS26,18.2.5.7
OH351520POS21,18.2.5.7
NJ349262POS2,18.2.5.7
NJ344364POS1,18.2.5.7
NJ344364POS2,18.2.5.7
GA356627POS26,18.2.5.7
PA356122POS21,18.2.5.7
NJ348768POS2 (2),18.2.5.7
CT343274POS1 (1),18.2.5.7
NJ351483POS2,18.2.5.7
CT343274POS26,18.2.5.7
AL359449POS1,18.2.5.7
DE303322POS21 (1),18.2.5.7
NJ355232POS3,18.2.5.7
MD359436POS2,18.2.5.7
MD359436POS1,18.2.5.7
CT335701POS1,18.2.5.7
CT335701POS2,18.2.5.7
RI355299POS2,18.2.5.7
FL354970POS2,18.2.5.7
NY356546POS2,18.2.5.7
ME356088POS1,18.2.5.7
ME356088POS2,18.2.5.7
ME356088POS21,18.2.5.7
GA357384POS2,18.2.5.7
ME356088POS26,18.2.5.7
ME356328POS1,18.2.5.7
PA357177POS26,18.2.5.7
PA357177POS21,18.2.5.7
ME356328POS21,18.2.5.7
PA357177POS1,18.2.5.7
FL357070POS1,18.2.5.7
FL357070POS21,18.2.5.7
ME356328POS26,18.2.5.7
FL357070POS2,18.2.5.7
FL357390POS26,18.2.5.7
FL357390POS1,18.2.5.7
RI355299POS21,18.2.5.7
FL354970POS21,18.2.5.7
FL357390POS21,18.2.5.7
NY356546POS21,18.2.5.7
RI355299POS1,18.2.5.7
FL354970POS1,18.2.5.7
NY356546POS1,18.2.5.7
GA357384POS21,18.2.5.7
RI355299POS26,18.2.5.7
FL354970POS26,18.2.5.7
NY356546POS26,18.2.5.7
GA357384POS1,18.2.5.7
GA357384POS26,18.2.5.7
NJ354596POS1,18.2.5.7
OH355020POS21,18.2.5.7
OH355020POS2,18.2.5.7
OH355020POS26,18.2.5.7
OH355020POS1,18.2.5.7
OH355363POS1,18.2.5.7
OH355363POS2,18.2.5.7
OH355363POS21,18.2.5.7
OH355363POS26,18.2.5.7
CT307036POS2,18.2.5.7
CT307036POS26,18.2.5.7
CT307036POS21,18.2.5.7
CT307036POS1,18.2.5.7
NJ306610POS1,18.2.5.7
NJ306610POS26,18.2.5.7
NJ306610POS21,18.2.5.7
PA346347POS2,18.2.5.7
PA346347POS1,18.2.5.7
PA346347POS21,18.2.5.7
PA346347POS26,18.2.5.7
NJ359846POS1,18.2.5.7
DE344047POS2,18.2.5.7
DE344047POS1,18.2.5.7
OH335698POS1,18.2.5.7
OH335698POS2,18.2.5.7
OH335698POS21,18.2.5.7
OH335698POS26,18.2.5.7
NJ337949POS21,18.2.5.7
NJ337949POS26,18.2.5.7
NJ337949POS1,18.2.5.7
NJ302000POS2,18.2.5.7
NJ302000POS1,18.2.5.7
OH359737POS26,18.2.5.7
OH359737POS21,18.2.5.7
OH359737POS1,18.2.5.7
FL342958POS1,18.2.5.7
FL342958POS2,18.2.5.7
FL342958POS21,18.2.5.7
FL342958POS26,18.2.5.7
NE358523POS1,18.2.5.7
IL358724POS21,18.2.5.7
NE358523POS21,18.2.5.7
IL358725POS21,18.2.5.7
IL358724POS26,18.2.5.7
TX358035POS26,18.2.5.7
TX358035POS1,18.2.5.7
IL358725POS1,18.2.5.7
MN358658POS1,18.2.5.7
NE358523POS26,18.2.5.7
IL358724POS1,18.2.5.7
KY358657POS21,18.2.5.7
MN358658POS26,18.2.5.7
KY358657POS1,18.2.5.7
TX358035POS3,18.2.5.7
TX358524POS2,18.2.5.7
TX358524POS26,18.2.5.7
TX358035POS21,18.2.5.7
MN358658POS21,18.2.5.7
TX358035POS2,18.2.5.7
IL358725POS26,18.2.5.7
IL358572POS21,18.2.5.7
TX358524POS1,18.2.5.7
KY358657POS26,18.2.5.7
TX358524POS21,18.2.5.7
MN358658POS2,18.2.5.7
IL358572POS1,18.2.5.7
IL358519POS1,18.2.5.7
IL358572POS26,18.2.5.7
WI358461POS26,18.2.5.7
KY358134POS1,18.2.5.7
KY358134POS26,18.2.5.7
WI358461POS1,18.2.5.7
WI358461POS21,18.2.5.7
WI358461POS2,18.2.5.7
IL358519POS26,18.2.5.7
TX358751POS1,18.2.5.7
TX358743POS2,18.2.5.7
IA358883POS2,18.2.5.7
IA358883POS1,18.2.5.7
TX358894POS1,18.2.5.7
TX358909POS2,18.2.5.7
IL358733POS21,18.2.5.7
TX358743POS1,18.2.5.7
TX358909POS26,18.2.5.7
KY358771POS1,18.2.5.7
KY358772POS1,18.2.5.7
TX358751POS2,18.2.5.7
AL358890POS21,18.2.5.7
KY358892POS2,18.2.5.7
AL358890POS2,18.2.5.7
KY358892POS1,18.2.5.7
TX358894POS21,18.2.5.7
AL358890POS26,18.2.5.7
IL358733POS26,18.2.5.7
MN358888POS3,18.2.5.7
AL358890POS1,18.2.5.7
MN358888POS2,18.2.5.7
TX358743POS21,18.2.5.7
IL358733POS1,18.2.5.7
TX358790POS2,18.2.5.7
TX358743POS26,18.2.5.7
TX358894POS26,18.2.5.7
TN359021POS2,18.2.5.7
TX358790POS26,18.2.5.7
TX358751POS26,18.2.5.7
MN358888POS26,18.2.5.7
TX358909POS1,18.2.5.7
TX358894POS2,18.2.5.7
TX358790POS1,18.2.5.7
MN358888POS1,18.2.5.7
AL358742POS1,18.2.5.7
TX358909POS21,18.2.5.7
TX358790POS21,18.2.5.7
TX358751POS21,18.2.5.7
AL358742POS2,18.2.5.7
MN358888POS21,18.2.5.7
TN359021POS26,18.2.5.7
TN359021POS1,18.2.5.7
TN359021POS21,18.2.5.7
TX359296POS2,18.2.5.7
KS359025POS1,18.2.5.7
TN359174POS26,18.2.5.7
MN359700POS1,18.2.5.7
TN359214POS21,18.2.5.7
TX359296POS26,18.2.5.7
KS359025POS21,18.2.5.7
TN359174POS1,18.2.5.7
TX359296POS1,18.2.5.7
IL359284POS2,18.2.5.7
KS359025POS2,18.2.5.7
KS359025POS26,18.2.5.7
TN359174POS21,18.2.5.7
MO359024POS26,18.2.5.7
TN359214POS26,18.2.5.7
TN359214POS1,18.2.5.7
TX359123POS1,18.2.5.7
IL359284POS26,18.2.5.7
TX359296POS21,18.2.5.7
WI359371POS2,18.2.5.7
MN359446POS2,18.2.5.7
MN359700POS2,18.2.5.7
MO359024POS1,18.2.5.7
MO359024POS2,18.2.5.7
AL359177POS2,18.2.5.7
AL359177POS1,18.2.5.7
WI359371POS26,18.2.5.7
MN359498POS26,18.2.5.7
WI359371POS1,18.2.5.7
IL359284POS1,18.2.5.7
WI359371POS21,18.2.5.7
MN359700POS21,18.2.5.7
MN359700POS26,18.2.5.7
TX359123POS21,18.2.5.7
IL359162POS1,18.2.5.7
IL359162POS26,18.2.5.7
MN359498POS2,18.2.5.7
AL359177POS21,18.2.5.7
IL359284POS21,18.2.5.7
MN359498POS21,18.2.5.7
MN359498POS1,18.2.5.7
AL359177POS26,18.2.5.7
IL359162POS21,18.2.5.7
MO359024POS21,18.2.5.7
MN359446POS1,18.2.5.7
TX359649POS1,18.2.5.7
TX359123POS26,18.2.5.7
MN359498POS3,18.2.5.7
IL359221POS21,18.2.5.7
IL359221POS1,18.2.5.7
TX359649POS2,18.2.5.7
TN358032POS2,18.2.5.7
KY358134POS21,18.2.5.7
OK359668POS2,18.2.5.7
TN358032POS21,18.2.5.7
IL358732POS21,18.2.5.7
OK359668POS1,18.2.5.7
TN358032POS1,18.2.5.7
IL358732POS26,18.2.5.7
TN358032POS26,18.2.5.7
IL358434POS2,18.2.5.7
IL358434POS1,18.2.5.7
AL358742POS21,18.2.5.7
AL358742POS26,18.2.5.7
IL359221POS26,18.2.5.7
TN358316POS1,18.2.5.7
MN358403POS2,18.2.5.7
TX358229POS1,18.2.5.7
TN358316POS21,18.2.5.7
TN358921POS1,18.2.5.7
WI358872POS26,18.2.5.7
TX358229POS21,18.2.5.7
WI358872POS21,18.2.5.7
WI358872POS2,18.2.5.7
TN358316POS26,18.2.5.7
MN358482POS21,18.2.5.7
WI358872POS1,18.2.5.7
MN358482POS1,18.2.5.7
TX358229POS22,18.2.5.7
TN358921POS2,18.2.5.7
KY359342POS26,18.2.5.7
TX358229POS26,18.2.5.7
MN358482POS26,18.2.5.7
TN362261POS21,18.2.5.7
TN362261POS1,18.2.5.7
TN362261POS26,18.2.5.7
TN362261POS2,18.2.5.7
KY359342POS21,18.2.5.7
KY359342POS1,18.2.5.7
TX358010POS1,18.2.5.7
TX358010POS2,18.2.5.7
IL342769POS2,18.2.5.7
IL342769POS1,18.2.5.7
IL303386POS21,18.2.5.7
IL303386POS26,18.2.5.7
IL303386POS1,18.2.5.7
IL302513POS1,18.2.5.7
IL302513POS2,18.2.5.7
IL302513POS3,18.2.5.7
IL302513POS21,18.2.5.7
IL302513POS26,18.2.5.7
IL303400POS21,18.2.5.7
IL303400POS26,18.2.5.7
IL303400POS1,18.2.5.7
IL339816POS1 (1),18.2.5.7
IL358055POS2,18.2.5.7
IL358055POS3,18.2.5.7
IL358055POS1,18.2.5.7
IL353215POS3,18.2.5.7
IL353215POS2,18.2.5.7
IL353215POS21,18.2.5.7
IL353215POS26,18.2.5.7
IL353215POS1,18.2.5.7
IL353661POS2,18.2.5.7
IL353661POS21,18.2.5.7
IL353661POS26,18.2.5.7
IL353661POS1,18.2.5.7
TN345694POS26,18.2.5.7
TN345694POS1,18.2.5.7
IL354191POS2,18.2.5.7
IL354191POS21,18.2.5.7
IL354191POS26,18.2.5.7
IL354191POS1,18.2.5.7
TN345694POS21,18.2.5.7
